SK_ID_CURR,cluster_FullData,cluster_SocioDemo,model_predict_proba,model_predict_class
430820,clust_1,clust_4,0.14547677854444643,0.0
209699,clust_0,clust_4,0.16636839035467244,0.0
130687,clust_1,clust_8,0.07248395831390006,0.0
389818,clust_6,clust_5,0.11734399040951395,0.0
115489,clust_5,clust_8,0.39131268811472064,1.0
182072,clust_9,clust_2,0.19606402140359577,0.0
135220,clust_3,clust_0,0.2522992185568467,0.0
357755,clust_3,clust_4,0.4352096328162375,1.0
273503,clust_7,clust_8,0.42659038025542384,1.0
233883,clust_1,clust_2,0.14231221481578016,0.0
317815,clust_3,clust_4,0.28985730909988316,0.0
447742,clust_3,clust_0,0.1056695196748368,0.0
329775,clust_1,clust_4,0.13116765576032935,0.0
132861,clust_4,clust_9,0.20087097724107245,0.0
169504,clust_0,clust_0,0.26400354969761275,0.0
115587,clust_0,clust_5,0.2453497262551589,0.0
223849,clust_0,clust_1,0.11252261934130495,0.0
270376,clust_3,clust_5,0.13158783224572473,0.0
437575,clust_6,clust_6,0.1835660100494299,0.0
245074,clust_3,clust_1,0.24574866345301255,0.0
455748,clust_4,clust_9,0.11172747641872877,0.0
168398,clust_1,clust_5,0.11037277380952483,0.0
455262,clust_0,clust_5,0.19609851011033358,0.0
436874,clust_1,clust_4,0.11594423348820376,0.0
451747,clust_3,clust_8,0.1908857875655449,0.0
341347,clust_8,clust_0,0.22763912548363185,0.0
119011,clust_3,clust_0,0.0827762816333281,0.0
195632,clust_3,clust_6,0.32852698763022886,1.0
139272,clust_1,clust_4,0.18903908024452107,0.0
233263,clust_2,clust_7,0.10810526401038535,0.0
260962,clust_1,clust_2,0.22334931274364203,0.0
208370,clust_1,clust_5,0.3380107198802206,1.0
385119,clust_0,clust_8,0.22607252965065044,0.0
292550,clust_7,clust_5,0.33514419904065407,1.0
388561,clust_3,clust_4,0.5468094968697529,1.0
349419,clust_1,clust_4,0.14493875141739107,0.0
198425,clust_1,clust_4,0.2645269096674273,0.0
206061,clust_8,clust_0,0.08012260991175768,0.0
411481,clust_1,clust_2,0.2877428234003747,0.0
188772,clust_1,clust_9,0.2627579484494886,0.0
123239,clust_1,clust_6,0.15369608010160693,0.0
434921,clust_3,clust_4,0.28215561421368124,0.0
184202,clust_5,clust_5,0.4620463494242044,1.0
193475,clust_1,clust_8,0.1106305541813578,0.0
253004,clust_1,clust_0,0.1832455149984413,0.0
248978,clust_3,clust_1,0.16840048043176947,0.0
433031,clust_6,clust_4,0.09762805386179756,0.0
423138,clust_6,clust_6,0.11597768593133204,0.0
209177,clust_1,clust_8,0.10936438397183079,0.0
387355,clust_3,clust_1,0.1762473020201846,0.0
231955,clust_1,clust_2,0.19995930749137542,0.0
311648,clust_0,clust_8,0.10487792477696051,0.0
407336,clust_4,clust_1,0.27313860100856646,0.0
194484,clust_5,clust_0,0.21515009587100212,0.0
207062,clust_1,clust_6,0.08981388919059753,0.0
261450,clust_8,clust_9,0.10846963720203659,0.0
138598,clust_4,clust_0,0.09781048296595238,0.0
131235,clust_3,clust_0,0.24844962507409912,0.0
297474,clust_0,clust_5,0.12057006589012506,0.0
427650,clust_9,clust_0,0.20181918806513463,0.0
252374,clust_0,clust_4,0.27523604721085354,0.0
332697,clust_3,clust_8,0.1580744132080603,0.0
442616,clust_9,clust_4,0.3709141913461195,1.0
455539,clust_3,clust_2,0.2181027196603279,0.0
174091,clust_0,clust_8,0.09833742502446996,0.0
220916,clust_3,clust_4,0.16319064286833812,0.0
282649,clust_3,clust_2,0.2364699416509078,0.0
365805,clust_3,clust_5,0.10484994917774623,0.0
387968,clust_1,clust_8,0.13348268344442,0.0
436127,clust_0,clust_0,0.34851129048625906,1.0
407594,clust_5,clust_9,0.3743291824182778,1.0
124868,clust_2,clust_6,0.2895968155202394,0.0
132756,clust_9,clust_1,0.12918543817679445,0.0
140560,clust_3,clust_0,0.13244770735310876,0.0
267950,clust_3,clust_5,0.07823245155074474,0.0
281482,clust_5,clust_8,0.08046353223837276,0.0
198957,clust_0,clust_1,0.17510394389542608,0.0
197862,clust_3,clust_1,0.3464429908878416,1.0
455132,clust_6,clust_8,0.15889969944457172,0.0
288475,clust_0,clust_2,0.3044897024465451,1.0
376496,clust_7,clust_9,0.26409259012365166,0.0
375234,clust_4,clust_6,0.11989146882698024,0.0
188421,clust_5,clust_1,0.10370045474843995,0.0
311949,clust_3,clust_2,0.5004750635541864,1.0
345780,clust_0,clust_4,0.5105097432037213,1.0
295094,clust_6,clust_1,0.18487910874479183,0.0
204088,clust_1,clust_4,0.11825236104693514,0.0
400308,clust_1,clust_1,0.11748741454210296,0.0
232758,clust_2,clust_2,0.06091898437536859,0.0
357630,clust_5,clust_0,0.1720757947565705,0.0
354251,clust_4,clust_9,0.17095073655968554,0.0
117886,clust_4,clust_9,0.2929157465057257,1.0
217064,clust_6,clust_5,0.22654972779333216,0.0
353427,clust_0,clust_8,0.17786499720492707,0.0
247972,clust_7,clust_6,0.20654863627544906,0.0
447522,clust_3,clust_1,0.061472520949662345,0.0
246928,clust_1,clust_8,0.09017505387943862,0.0
327789,clust_0,clust_4,0.06309046748658828,0.0
339382,clust_0,clust_7,0.4048056043220558,1.0
320202,clust_0,clust_0,0.13009084056101872,0.0
139225,clust_0,clust_0,0.14495231360746552,0.0
322285,clust_1,clust_6,0.48260368215756533,1.0
124737,clust_1,clust_9,0.1690577478597634,0.0
208027,clust_3,clust_8,0.3266495939623453,1.0
283283,clust_8,clust_0,0.1261215401585154,0.0
395275,clust_1,clust_5,0.16398705404032513,0.0
217635,clust_1,clust_8,0.0628287845577195,0.0
104652,clust_1,clust_0,0.18163012058141073,0.0
451682,clust_0,clust_8,0.4202656789347161,1.0
287337,clust_0,clust_0,0.13771314446139324,0.0
376539,clust_9,clust_1,0.26717590081184533,0.0
260364,clust_3,clust_4,0.27218654238250195,0.0
224263,clust_6,clust_4,0.13363551821085298,0.0
160998,clust_4,clust_9,0.29083103818418704,1.0
350433,clust_4,clust_8,0.12047262706830994,0.0
303121,clust_8,clust_0,0.11508905000671933,0.0
373751,clust_4,clust_6,0.42856114860815386,1.0
419491,clust_7,clust_1,0.09363827926796385,0.0
239567,clust_0,clust_8,0.07196033680451026,0.0
100770,clust_4,clust_0,0.32431800682134543,1.0
119353,clust_1,clust_9,0.09025184820639628,0.0
264347,clust_0,clust_8,0.3389738326939823,1.0
324171,clust_3,clust_2,0.13747392412726342,0.0
106491,clust_6,clust_4,0.19204508565841863,0.0
423690,clust_3,clust_9,0.102108933018768,0.0
410379,clust_3,clust_4,0.26509436183332036,0.0
216676,clust_3,clust_4,0.1602971792559108,0.0
297656,clust_4,clust_4,0.12801420435646746,0.0
190756,clust_8,clust_2,0.24651460810634132,0.0
136739,clust_0,clust_2,0.30718529595319827,1.0
369583,clust_9,clust_0,0.3290299033963936,1.0
134387,clust_1,clust_1,0.12673775245063643,0.0
151528,clust_0,clust_4,0.2088230694678975,0.0
252797,clust_0,clust_4,0.08047031046057021,0.0
382868,clust_8,clust_9,0.07882730674830492,0.0
392825,clust_9,clust_6,0.0884452818111179,0.0
145557,clust_1,clust_4,0.21367606087955274,0.0
332468,clust_3,clust_4,0.13912146215891266,0.0
394800,clust_8,clust_0,0.2280203585689625,0.0
104391,clust_8,clust_5,0.09815960665255356,0.0
439548,clust_4,clust_0,0.31194185904340777,1.0
352304,clust_3,clust_8,0.2515471531223371,0.0
258638,clust_2,clust_6,0.1643145929288422,0.0
376098,clust_1,clust_4,0.24222105312542036,0.0
220747,clust_0,clust_8,0.27035370749552706,0.0
218353,clust_0,clust_4,0.23881493285858701,0.0
161351,clust_1,clust_4,0.4290141338177974,1.0
388203,clust_8,clust_9,0.2599363160195968,0.0
244810,clust_1,clust_3,0.10439036229402632,0.0
242721,clust_3,clust_8,0.12149594748981285,0.0
303817,clust_4,clust_6,0.6162449750026725,1.0
362711,clust_1,clust_6,0.3329011352803089,1.0
345761,clust_3,clust_0,0.41618828173486344,1.0
234048,clust_3,clust_4,0.20382516212506605,0.0
153291,clust_0,clust_8,0.17548038148152373,0.0
241188,clust_3,clust_3,0.08491612770903526,0.0
238270,clust_1,clust_1,0.29197163244671137,1.0
178995,clust_1,clust_1,0.42848264187884777,1.0
109336,clust_4,clust_0,0.1294922098381621,0.0
322136,clust_4,clust_4,0.2651630803478234,0.0
134490,clust_3,clust_8,0.2328786694130238,0.0
240320,clust_7,clust_5,0.13453636935627697,0.0
410770,clust_8,clust_0,0.24884187436074343,0.0
324020,clust_1,clust_8,0.25343014594602636,0.0
327704,clust_3,clust_5,0.30095682433755366,1.0
235757,clust_1,clust_8,0.43378633391746646,1.0
318874,clust_8,clust_6,0.08977358856572075,0.0
158616,clust_0,clust_1,0.6159725782074904,1.0
360149,clust_6,clust_5,0.18614330883208144,0.0
298171,clust_5,clust_6,0.14298817975952197,0.0
274364,clust_1,clust_4,0.11095837881354358,0.0
397517,clust_1,clust_1,0.16599402932570947,0.0
384430,clust_6,clust_4,0.10474528930398452,0.0
334963,clust_3,clust_2,0.5884123810709847,1.0
323475,clust_5,clust_4,0.15301408879019068,0.0
288564,clust_2,clust_6,0.15875877965181018,0.0
172038,clust_1,clust_2,0.291700652948593,1.0
308985,clust_3,clust_5,0.18201980618724353,0.0
440968,clust_1,clust_4,0.15335561260469327,0.0
220829,clust_1,clust_5,0.23620253591482082,0.0
164766,clust_3,clust_1,0.41116655165503657,1.0
300058,clust_2,clust_1,0.17858425336242675,0.0
366295,clust_3,clust_0,0.21543529425044386,0.0
399344,clust_1,clust_6,0.09403616519748671,0.0
206739,clust_9,clust_9,0.21103656302501175,0.0
436304,clust_1,clust_9,0.16515473076763726,0.0
335319,clust_3,clust_1,0.24443188203918637,0.0
234941,clust_5,clust_5,0.22487281116859792,0.0
230121,clust_5,clust_4,0.24728456920815914,0.0
203124,clust_1,clust_1,0.07691476247553389,0.0
105399,clust_3,clust_0,0.11608882348898669,0.0
162493,clust_1,clust_6,0.20637816603795708,0.0
434293,clust_6,clust_6,0.3815236114157207,1.0
432849,clust_3,clust_5,0.3541681239084128,1.0
344011,clust_1,clust_5,0.1476230401487057,0.0
330387,clust_1,clust_4,0.08584510001797206,0.0
238904,clust_1,clust_5,0.16576271528077122,0.0
384886,clust_9,clust_8,0.27015014616869704,0.0
286955,clust_0,clust_0,0.1180600997584034,0.0
169138,clust_3,clust_1,0.12048699950080008,0.0
246631,clust_0,clust_0,0.2266113976206365,0.0
357830,clust_3,clust_4,0.1110849339476022,0.0
403961,clust_9,clust_9,0.14089904436383668,0.0
360792,clust_7,clust_4,0.09860888037022524,0.0
218832,clust_5,clust_5,0.18469779611480977,0.0
203889,clust_7,clust_1,0.11978795097332724,0.0
211263,clust_8,clust_4,0.07318901221642413,0.0
402619,clust_5,clust_0,0.1490292691497238,0.0
158700,clust_6,clust_6,0.13673755763895992,0.0
188254,clust_5,clust_8,0.16409268233276497,0.0
293002,clust_1,clust_0,0.10948074384775937,0.0
147964,clust_6,clust_1,0.23016228468570585,0.0
377159,clust_9,clust_0,0.1147744427421768,0.0
444780,clust_9,clust_6,0.07347556572721528,0.0
273552,clust_1,clust_1,0.10842261251343285,0.0
454242,clust_7,clust_4,0.09199212831758818,0.0
444182,clust_9,clust_8,0.15738122399015236,0.0
291843,clust_9,clust_6,0.09236071629104096,0.0
100171,clust_4,clust_4,0.3373609102439064,1.0
257875,clust_1,clust_0,0.26561994646708054,0.0
177696,clust_1,clust_2,0.25745423979171383,0.0
200335,clust_3,clust_1,0.19520139882624324,0.0
424011,clust_1,clust_4,0.25615533809826424,0.0
452401,clust_1,clust_8,0.15330868360501498,0.0
292493,clust_3,clust_6,0.11780196489549562,0.0
310400,clust_2,clust_9,0.08374681156861563,0.0
388621,clust_4,clust_0,0.25310648583207374,0.0
242617,clust_0,clust_4,0.33242650751178776,1.0
390561,clust_3,clust_4,0.15250406696250504,0.0
335573,clust_9,clust_6,0.18348220969353712,0.0
111262,clust_0,clust_6,0.21461462650311877,0.0
437169,clust_4,clust_6,0.1498794371963503,0.0
207181,clust_6,clust_4,0.17945369880249362,0.0
134841,clust_6,clust_3,0.060411526133496166,0.0
260142,clust_9,clust_1,0.156886456312442,0.0
274931,clust_3,clust_0,0.06979385301062775,0.0
446909,clust_8,clust_1,0.261232726990858,0.0
211999,clust_3,clust_1,0.09149681378341971,0.0
315153,clust_5,clust_6,0.24820439163282965,0.0
287894,clust_7,clust_1,0.41849535325356957,1.0
388647,clust_4,clust_4,0.19969726510536134,0.0
119267,clust_5,clust_8,0.08053338547497874,0.0
294348,clust_0,clust_2,0.24256390177482226,0.0
238299,clust_8,clust_1,0.0928392405994607,0.0
317764,clust_4,clust_4,0.2701373684580135,0.0
361005,clust_3,clust_3,0.14057088124811606,0.0
241060,clust_0,clust_8,0.31425937478555527,1.0
364151,clust_3,clust_0,0.1702107275099378,0.0
197693,clust_4,clust_8,0.07841829778023487,0.0
115473,clust_8,clust_0,0.4731022908158981,1.0
119281,clust_5,clust_5,0.07523236960295314,0.0
413757,clust_1,clust_1,0.2660373781552788,0.0
344019,clust_1,clust_4,0.1379942359329405,0.0
294821,clust_4,clust_6,0.11022075450422808,0.0
375168,clust_1,clust_3,0.11230559702534829,0.0
305064,clust_3,clust_8,0.33836027496098886,1.0
408504,clust_4,clust_9,0.11027163388991844,0.0
236283,clust_3,clust_1,0.13317383791297774,0.0
430698,clust_3,clust_6,0.3682810214462697,1.0
349187,clust_1,clust_8,0.08741762457982792,0.0
418915,clust_4,clust_2,0.12429543942862367,0.0
229019,clust_3,clust_0,0.1948895913356083,0.0
243237,clust_1,clust_0,0.2278464779800029,0.0
310316,clust_2,clust_4,0.08145250970796648,0.0
123966,clust_0,clust_1,0.06930762534989766,0.0
354182,clust_0,clust_0,0.23502617628830053,0.0
204047,clust_1,clust_4,0.08543824422922434,0.0
222023,clust_2,clust_6,0.32512198896539657,1.0
164821,clust_3,clust_6,0.2555810488444686,0.0
125224,clust_7,clust_8,0.13719544517207838,0.0
266668,clust_3,clust_3,0.13767743074041575,0.0
345492,clust_3,clust_2,0.35845872009856444,1.0
255441,clust_2,clust_8,0.18820213880561673,0.0
121502,clust_3,clust_8,0.0885179141789922,0.0
204689,clust_2,clust_0,0.13812066853184415,0.0
308900,clust_6,clust_5,0.1343770807424938,0.0
346184,clust_3,clust_5,0.11766613980397314,0.0
211946,clust_0,clust_3,0.12337141811821609,0.0
442404,clust_6,clust_5,0.11858503096200287,0.0
347458,clust_1,clust_0,0.41298613287122315,1.0
303120,clust_3,clust_8,0.1585929524497557,0.0
396922,clust_1,clust_4,0.07762415059828022,0.0
319677,clust_3,clust_2,0.14245022547902741,0.0
175515,clust_1,clust_5,0.17715463817089872,0.0
161073,clust_1,clust_2,0.18246732416010872,0.0
298340,clust_3,clust_2,0.15432462153100784,0.0
401481,clust_7,clust_6,0.12337369579910475,0.0
350110,clust_3,clust_0,0.24364714970121928,0.0
289215,clust_4,clust_0,0.18765927492909426,0.0
397713,clust_5,clust_6,0.13259222787433925,0.0
335097,clust_9,clust_2,0.09104366597161802,0.0
389714,clust_3,clust_8,0.10088741498603183,0.0
258334,clust_4,clust_0,0.33465526499071996,1.0
373938,clust_0,clust_0,0.21230006774623056,0.0
343918,clust_1,clust_6,0.11064943403899191,0.0
106053,clust_1,clust_6,0.23755331643679037,0.0
296803,clust_3,clust_0,0.26871361199029786,0.0
252175,clust_0,clust_0,0.6240888133831787,1.0
198026,clust_1,clust_1,0.305571987183591,1.0
407920,clust_1,clust_0,0.0869662906500988,0.0
355239,clust_9,clust_0,0.27816384994647686,0.0
308956,clust_1,clust_6,0.19805988098743027,0.0
210731,clust_1,clust_0,0.3157193993307959,1.0
168856,clust_3,clust_1,0.18604678767709842,0.0
327238,clust_6,clust_5,0.1739340035257,0.0
307288,clust_8,clust_6,0.2275698237474446,0.0
172294,clust_5,clust_6,0.19997054274130005,0.0
123584,clust_6,clust_9,0.27166926992252677,0.0
317227,clust_6,clust_8,0.23185331386188698,0.0
266173,clust_0,clust_4,0.26246367798686254,0.0
357054,clust_3,clust_5,0.24117603625787162,0.0
361873,clust_1,clust_3,0.18043299589990233,0.0
394415,clust_6,clust_0,0.16190846029514874,0.0
139461,clust_4,clust_9,0.16179603965479175,0.0
438624,clust_2,clust_4,0.15040333995686012,0.0
175372,clust_5,clust_4,0.21786410420081032,0.0
176828,clust_0,clust_7,0.1931377195238869,0.0
133608,clust_1,clust_1,0.08917091540817111,0.0
207633,clust_6,clust_9,0.43060387454549703,1.0
138496,clust_1,clust_4,0.24406975162126165,0.0
214363,clust_4,clust_6,0.143776671894083,0.0
274515,clust_3,clust_3,0.13631497151345617,0.0
242067,clust_4,clust_4,0.2128427514650242,0.0
216627,clust_8,clust_8,0.3598863733697619,1.0
410910,clust_8,clust_9,0.18394359309517058,0.0
342523,clust_1,clust_8,0.07852871693203395,0.0
442234,clust_3,clust_6,0.30822128330626336,1.0
400983,clust_0,clust_1,0.45279420366503137,1.0
182525,clust_3,clust_9,0.1975283761723572,0.0
104179,clust_1,clust_0,0.26811501295603335,0.0
171110,clust_1,clust_2,0.44459785023163373,1.0
436902,clust_8,clust_8,0.15679220794428556,0.0
235693,clust_4,clust_0,0.18560925104487946,0.0
298966,clust_8,clust_0,0.3120970167330166,1.0
419795,clust_3,clust_8,0.39326400334606826,1.0
166819,clust_1,clust_8,0.20401319682552618,0.0
408742,clust_5,clust_4,0.2224223228878717,0.0
238355,clust_9,clust_0,0.277928422346484,0.0
326239,clust_1,clust_8,0.1749100407535621,0.0
107416,clust_6,clust_1,0.3643750675092831,1.0
237256,clust_6,clust_4,0.09844510769916151,0.0
277994,clust_6,clust_8,0.0971337830389279,0.0
248427,clust_1,clust_0,0.18143417979059864,0.0
161254,clust_1,clust_8,0.12943445626411285,0.0
267833,clust_3,clust_2,0.3799053603297071,1.0
291513,clust_4,clust_7,0.15478588825549633,0.0
226029,clust_3,clust_4,0.15507314050192808,0.0
287936,clust_2,clust_9,0.1866691049444977,0.0
254226,clust_7,clust_4,0.12783594661386072,0.0
109437,clust_3,clust_1,0.11806910907107739,0.0
116745,clust_0,clust_6,0.25578526003734947,0.0
318993,clust_4,clust_6,0.12291555525472543,0.0
168548,clust_1,clust_4,0.08803211068101519,0.0
314487,clust_0,clust_6,0.33267600045472356,1.0
149791,clust_6,clust_1,0.36073465191590365,1.0
209513,clust_4,clust_0,0.09875861478347434,0.0
386304,clust_1,clust_8,0.4382042820701114,1.0
271911,clust_4,clust_0,0.23837566790953374,0.0
333845,clust_1,clust_4,0.11337536728169274,0.0
268085,clust_5,clust_5,0.15757734412342267,0.0
103818,clust_5,clust_8,0.18950984869857698,0.0
148570,clust_1,clust_2,0.1916836488920601,0.0
365836,clust_7,clust_9,0.29535523807003206,1.0
222296,clust_3,clust_5,0.5760135714962531,1.0
167998,clust_8,clust_2,0.15894749817332424,0.0
125414,clust_3,clust_9,0.3028578273451984,1.0
232738,clust_3,clust_8,0.12426186817625544,0.0
406786,clust_6,clust_2,0.1602796402874502,0.0
348680,clust_4,clust_0,0.1444523012543406,0.0
452530,clust_9,clust_2,0.43643091839156317,1.0
444639,clust_6,clust_2,0.24826095213383875,0.0
231086,clust_1,clust_1,0.15501215290090162,0.0
323665,clust_3,clust_6,0.11387335961403992,0.0
274003,clust_4,clust_6,0.14783955307430166,0.0
232842,clust_9,clust_6,0.14037660989660075,0.0
174721,clust_4,clust_6,0.18997684432158038,0.0
356480,clust_3,clust_6,0.3079565492970251,1.0
251096,clust_8,clust_6,0.210107733881704,0.0
140924,clust_9,clust_8,0.05355366155673312,0.0
102720,clust_1,clust_4,0.11971282880581668,0.0
199889,clust_0,clust_6,0.4110479505258203,1.0
375887,clust_0,clust_4,0.38027212292698337,1.0
201732,clust_4,clust_6,0.12813722650831524,0.0
321985,clust_1,clust_0,0.2396312792980357,0.0
152355,clust_3,clust_5,0.12657838062674742,0.0
342001,clust_3,clust_1,0.1344630828661301,0.0
362373,clust_3,clust_5,0.26023452287324805,0.0
166739,clust_5,clust_6,0.2313747889789072,0.0
350817,clust_7,clust_4,0.3237012519174202,1.0
308442,clust_6,clust_1,0.11606139294759885,0.0
427072,clust_9,clust_0,0.13344442883998767,0.0
430726,clust_5,clust_8,0.1376810637975298,0.0
118611,clust_3,clust_4,0.11467152217614941,0.0
291888,clust_8,clust_9,0.18161986199044283,0.0
193515,clust_0,clust_6,0.2074581965620932,0.0
452108,clust_3,clust_8,0.24793373122591988,0.0
287512,clust_3,clust_8,0.17891485571538096,0.0
385586,clust_0,clust_8,0.25535721409295903,0.0
145640,clust_1,clust_0,0.15740830377272672,0.0
167480,clust_9,clust_1,0.1784929091250323,0.0
340899,clust_1,clust_0,0.15339154236675484,0.0
388222,clust_1,clust_4,0.19910925576914743,0.0
243265,clust_1,clust_8,0.22469089000364112,0.0
163240,clust_4,clust_0,0.17374830539788125,0.0
439587,clust_3,clust_5,0.07804090082644174,0.0
265027,clust_6,clust_0,0.38495980234209304,1.0
453556,clust_0,clust_4,0.08883689566392072,0.0
185618,clust_3,clust_8,0.30512085819702695,1.0
124545,clust_1,clust_0,0.4142591056493204,1.0
160472,clust_1,clust_0,0.25625946005802686,0.0
222321,clust_1,clust_4,0.35075813831865643,1.0
100765,clust_1,clust_2,0.08687629046545685,0.0
365644,clust_1,clust_9,0.25991624139640074,0.0
382132,clust_6,clust_5,0.512313117852968,1.0
246724,clust_6,clust_0,0.2975592339077667,1.0
376614,clust_0,clust_1,0.1025836210998519,0.0
447972,clust_1,clust_4,0.5436629646829938,1.0
130572,clust_6,clust_4,0.5175786432493551,1.0
390760,clust_4,clust_4,0.15211380619042927,0.0
125488,clust_4,clust_6,0.20202610532359613,0.0
433816,clust_3,clust_2,0.12074075240194966,0.0
418618,clust_3,clust_5,0.5076994319825048,1.0
409508,clust_0,clust_0,0.30215793947208436,1.0
276363,clust_0,clust_0,0.25529354646477964,0.0
286714,clust_1,clust_4,0.10860707640381238,0.0
389440,clust_6,clust_1,0.2898499092859947,0.0
254149,clust_3,clust_4,0.26257021094190525,0.0
348176,clust_3,clust_2,0.3675762808146212,1.0
271679,clust_1,clust_4,0.15695396426466152,0.0
242499,clust_1,clust_1,0.2550709967492243,0.0
221242,clust_1,clust_5,0.1281117061237632,0.0
360100,clust_1,clust_4,0.1790864062299767,0.0
410303,clust_3,clust_8,0.14585434371511916,0.0
385129,clust_9,clust_0,0.20303109542191497,0.0
384757,clust_2,clust_9,0.06850953135477049,0.0
431831,clust_1,clust_9,0.17798256509245486,0.0
148322,clust_0,clust_1,0.42378196057490247,1.0
203185,clust_4,clust_0,0.18524162312438222,0.0
333852,clust_0,clust_8,0.23191061881676045,0.0
335198,clust_3,clust_2,0.09015652219331033,0.0
415118,clust_1,clust_5,0.11816588071817788,0.0
290005,clust_4,clust_6,0.19626260132205464,0.0
273941,clust_3,clust_2,0.14538125137001648,0.0
228530,clust_9,clust_4,0.0795959873732752,0.0
405402,clust_3,clust_0,0.1498990931834079,0.0
185991,clust_4,clust_7,0.18292057655286761,0.0
158547,clust_0,clust_0,0.1134258296627756,0.0
143715,clust_8,clust_0,0.1472472722859959,0.0
356255,clust_5,clust_5,0.4531768842336846,1.0
201442,clust_3,clust_4,0.10065792055693357,0.0
100184,clust_3,clust_3,0.17370143532122087,0.0
284000,clust_0,clust_1,0.12272922603219995,0.0
236330,clust_0,clust_1,0.21414175067174993,0.0
280424,clust_1,clust_4,0.25022641308016397,0.0
344778,clust_6,clust_3,0.0867425787403597,0.0
310241,clust_5,clust_4,0.18616951673157078,0.0
369871,clust_1,clust_4,0.4930112164749335,1.0
164938,clust_6,clust_4,0.21021398489953907,0.0
365429,clust_6,clust_9,0.17404647362926928,0.0
115827,clust_6,clust_8,0.21278154953603115,0.0
133468,clust_3,clust_5,0.14468093667816653,0.0
124230,clust_3,clust_4,0.1708194087075556,0.0
116584,clust_3,clust_4,0.10505178607005067,0.0
191042,clust_0,clust_2,0.2521217938726537,0.0
352409,clust_0,clust_8,0.28358602668954197,0.0
290158,clust_0,clust_0,0.19746059344138198,0.0
398360,clust_8,clust_0,0.3210303320924788,1.0
274198,clust_1,clust_8,0.3947914456292067,1.0
219043,clust_3,clust_1,0.5006518305420498,1.0
195810,clust_4,clust_4,0.11609913301445887,0.0
321309,clust_0,clust_5,0.20496332282213883,0.0
282854,clust_1,clust_8,0.3526896348145919,1.0
333629,clust_0,clust_0,0.1472895876169514,0.0
293219,clust_1,clust_4,0.3008128076303588,1.0
255068,clust_1,clust_4,0.07179965308155993,0.0
393168,clust_3,clust_0,0.17626560615230724,0.0
206076,clust_0,clust_0,0.314754836518783,1.0
110284,clust_3,clust_4,0.31471489132836733,1.0
182102,clust_1,clust_4,0.1381463012050394,0.0
445639,clust_3,clust_2,0.09502853809051683,0.0
445160,clust_1,clust_0,0.20019675989526392,0.0
246287,clust_1,clust_4,0.1673470767474733,0.0
296839,clust_4,clust_6,0.1257682463621133,0.0
196731,clust_0,clust_4,0.16010619160965722,0.0
366611,clust_3,clust_1,0.09852695020453311,0.0
238135,clust_1,clust_0,0.08589307624420613,0.0
181465,clust_3,clust_2,0.1487330104582764,0.0
262475,clust_8,clust_0,0.16408543313265664,0.0
174854,clust_3,clust_2,0.17043537001053224,0.0
207291,clust_3,clust_0,0.18469339964109505,0.0
296087,clust_5,clust_6,0.1890343186751439,0.0
174526,clust_1,clust_4,0.1651754274287002,0.0
115778,clust_3,clust_4,0.2666852334151116,0.0
391275,clust_3,clust_5,0.2002364524017177,0.0
111669,clust_4,clust_0,0.1280205526215871,0.0
111882,clust_5,clust_6,0.12135184539287744,0.0
456119,clust_0,clust_6,0.07006357791683915,0.0
206038,clust_3,clust_2,0.06591864742099328,0.0
303509,clust_0,clust_6,0.06736056366118429,0.0
218177,clust_5,clust_9,0.11543372437513666,0.0
246079,clust_3,clust_5,0.15131130122335493,0.0
217022,clust_1,clust_1,0.16688804176879043,0.0
424010,clust_1,clust_8,0.13316557468759546,0.0
375485,clust_0,clust_8,0.1596618713230278,0.0
333392,clust_1,clust_4,0.06733609227171534,0.0
422545,clust_8,clust_8,0.20076280222996773,0.0
215412,clust_1,clust_0,0.11262364950476116,0.0
369439,clust_1,clust_5,0.2642413868809246,0.0
376341,clust_0,clust_0,0.2120748594336088,0.0
120214,clust_3,clust_0,0.11535272571474539,0.0
287474,clust_0,clust_2,0.2905727032795181,1.0
432377,clust_3,clust_4,0.33745060422667883,1.0
124138,clust_6,clust_5,0.1176285367650759,0.0
445943,clust_5,clust_9,0.27895797459545457,0.0
249505,clust_3,clust_2,0.29321611054146496,1.0
335887,clust_8,clust_8,0.3601668252834541,1.0
314041,clust_3,clust_5,0.10168363290223244,0.0
180647,clust_3,clust_0,0.1407835159796409,0.0
139794,clust_3,clust_3,0.2966443972237849,1.0
121013,clust_3,clust_5,0.10858139914082518,0.0
292618,clust_1,clust_2,0.14059706934940155,0.0
251732,clust_1,clust_4,0.07762144570349126,0.0
325306,clust_1,clust_0,0.13529275415805453,0.0
451351,clust_1,clust_4,0.3384507188709403,1.0
156214,clust_3,clust_3,0.15294296791297143,0.0
373202,clust_5,clust_5,0.2166911296733946,0.0
219001,clust_4,clust_4,0.15323073753467195,0.0
355517,clust_1,clust_4,0.30053143349153716,1.0
333378,clust_1,clust_5,0.0723765817004789,0.0
355785,clust_3,clust_9,0.1938894902975719,0.0
211358,clust_5,clust_0,0.2543557232075847,0.0
261551,clust_2,clust_2,0.1528578982680903,0.0
393351,clust_4,clust_6,0.3023507012089743,1.0
365518,clust_3,clust_1,0.2520168564845829,0.0
195234,clust_9,clust_0,0.14398118841776664,0.0
410039,clust_1,clust_4,0.12325976460745713,0.0
287732,clust_1,clust_8,0.3763253459859874,1.0
149643,clust_4,clust_4,0.14739087248879842,0.0
112835,clust_1,clust_0,0.07777055937027122,0.0
355404,clust_1,clust_4,0.11252538779843135,0.0
241838,clust_3,clust_4,0.49858843245296663,1.0
270204,clust_5,clust_0,0.29954199448216234,1.0
446426,clust_1,clust_4,0.49365644288616656,1.0
179357,clust_5,clust_6,0.12465575650302817,0.0
446738,clust_6,clust_0,0.16374446849738,0.0
253079,clust_1,clust_6,0.0607111273243623,0.0
104744,clust_0,clust_1,0.09407419626739359,0.0
420348,clust_6,clust_8,0.19292823236086734,0.0
232733,clust_4,clust_6,0.13545651961746127,0.0
190702,clust_6,clust_5,0.5006259569761081,1.0
352694,clust_4,clust_4,0.22158514482943922,0.0
323008,clust_2,clust_4,0.14280273872118174,0.0
313943,clust_3,clust_4,0.28993536037605205,0.0
175998,clust_3,clust_1,0.2922446525108575,1.0
209197,clust_7,clust_0,0.11083750119716432,0.0
246444,clust_0,clust_8,0.1528263933500987,0.0
242651,clust_1,clust_4,0.08476549433869282,0.0
415069,clust_1,clust_1,0.25873091478743576,0.0
102439,clust_3,clust_5,0.13742216287442285,0.0
314366,clust_1,clust_4,0.16972229970923697,0.0
418011,clust_3,clust_0,0.14621760858410943,0.0
200490,clust_8,clust_0,0.14960178559964799,0.0
381457,clust_6,clust_1,0.12598332028411516,0.0
288425,clust_5,clust_4,0.2512327215529207,0.0
334555,clust_5,clust_8,0.4726134174271634,1.0
183051,clust_4,clust_0,0.11931834023453516,0.0
245357,clust_3,clust_2,0.12259220334168952,0.0
116469,clust_1,clust_8,0.06105067392350501,0.0
304355,clust_1,clust_6,0.10678783588242229,0.0
429138,clust_3,clust_1,0.1221811145176953,0.0
370666,clust_3,clust_1,0.3796247170952577,1.0
405206,clust_3,clust_4,0.22478768641141106,0.0
153898,clust_1,clust_3,0.23638714243903095,0.0
382113,clust_4,clust_9,0.0900123400086347,0.0
200200,clust_1,clust_4,0.2148882575342919,0.0
251920,clust_1,clust_5,0.10274649901380667,0.0
318351,clust_4,clust_6,0.21746694543626363,0.0
429952,clust_3,clust_8,0.3839906510107538,1.0
107747,clust_0,clust_4,0.14957980923970995,0.0
206354,clust_4,clust_9,0.12573910459245302,0.0
250592,clust_1,clust_4,0.08584448595948616,0.0
340459,clust_0,clust_4,0.13788049157669416,0.0
322656,clust_4,clust_7,0.1362972676422721,0.0
230402,clust_0,clust_1,0.16059407806218634,0.0
384548,clust_1,clust_0,0.2618997045843858,0.0
290202,clust_9,clust_6,0.15149779310508793,0.0
265386,clust_3,clust_4,0.2313554941507076,0.0
105227,clust_1,clust_5,0.35293901837318176,1.0
169561,clust_1,clust_8,0.19119252609467952,0.0
211384,clust_4,clust_8,0.24563597736585563,0.0
190948,clust_4,clust_4,0.14614606011942324,0.0
250900,clust_3,clust_4,0.1518019965090899,0.0
367089,clust_4,clust_0,0.173798145530075,0.0
328588,clust_3,clust_8,0.1484394979335384,0.0
212327,clust_0,clust_8,0.21543732186864645,0.0
194985,clust_4,clust_9,0.2799198280827713,0.0
370806,clust_3,clust_0,0.345092102187364,1.0
254056,clust_0,clust_6,0.12558761834748694,0.0
246711,clust_8,clust_0,0.15849241600607802,0.0
313639,clust_6,clust_2,0.258197484618517,0.0
185662,clust_3,clust_8,0.13495571866980421,0.0
294951,clust_3,clust_8,0.3809055493182689,1.0
243734,clust_4,clust_9,0.16615948232715796,0.0
144656,clust_3,clust_2,0.17142146700388933,0.0
243335,clust_4,clust_6,0.09741253554756649,0.0
225141,clust_3,clust_1,0.09290725243274581,0.0
374582,clust_3,clust_4,0.1098099872333494,0.0
193647,clust_1,clust_8,0.09139628237346886,0.0
332911,clust_3,clust_0,0.0696596069000511,0.0
101572,clust_3,clust_4,0.2605028638723317,0.0
136605,clust_3,clust_0,0.43816717967785285,1.0
316903,clust_0,clust_6,0.0801366274444239,0.0
152963,clust_4,clust_8,0.2328644905614766,0.0
374896,clust_3,clust_8,0.09442061980002016,0.0
222048,clust_9,clust_1,0.36188657745225405,1.0
330228,clust_9,clust_6,0.43314812590316853,1.0
152088,clust_9,clust_5,0.08920224313408914,0.0
340416,clust_0,clust_1,0.1444629280887646,0.0
407482,clust_1,clust_4,0.11654963295189368,0.0
409979,clust_3,clust_1,0.1486548268861031,0.0
157575,clust_4,clust_2,0.10257443330184234,0.0
290206,clust_1,clust_4,0.29686844680728736,1.0
280264,clust_3,clust_0,0.1335058469705947,0.0
232702,clust_4,clust_2,0.27225885838896974,0.0
173620,clust_3,clust_8,0.29506551045460444,1.0
251957,clust_3,clust_4,0.11709306509124098,0.0
398572,clust_1,clust_0,0.1911189876944992,0.0
211625,clust_3,clust_1,0.1934328380403948,0.0
189747,clust_0,clust_4,0.4910872549374872,1.0
442903,clust_1,clust_3,0.26664451855623106,0.0
229130,clust_1,clust_2,0.3846953228165235,1.0
111041,clust_1,clust_5,0.14762926137782748,0.0
169432,clust_3,clust_9,0.18411307357787937,0.0
236457,clust_5,clust_0,0.1515606629005711,0.0
202455,clust_1,clust_6,0.15320929712412812,0.0
418653,clust_4,clust_4,0.21711576981664354,0.0
226565,clust_3,clust_1,0.10462670696188725,0.0
277221,clust_8,clust_4,0.3157080130170018,1.0
423154,clust_7,clust_4,0.09028341211672943,0.0
380819,clust_0,clust_8,0.33030045249105827,1.0
261309,clust_3,clust_4,0.17819586294032497,0.0
420345,clust_6,clust_4,0.30207139351375145,1.0
162504,clust_4,clust_9,0.10278341677336979,0.0
215978,clust_1,clust_8,0.23098821418484825,0.0
365951,clust_1,clust_5,0.14310972846143574,0.0
411103,clust_1,clust_2,0.3261699315347466,1.0
417253,clust_0,clust_8,0.08562629445145974,0.0
448937,clust_3,clust_0,0.08355200459218791,0.0
369846,clust_0,clust_2,0.13254042154469747,0.0
386295,clust_1,clust_3,0.6744466981343591,1.0
236766,clust_4,clust_8,0.10158798551533897,0.0
452028,clust_1,clust_0,0.13482324844688054,0.0
243703,clust_8,clust_0,0.13253658660599604,0.0
392372,clust_0,clust_6,0.15011451299140918,0.0
283161,clust_1,clust_8,0.22280958174163681,0.0
302166,clust_4,clust_7,0.135958926896277,0.0
110766,clust_6,clust_6,0.10745842501704338,0.0
141095,clust_0,clust_8,0.17308913102906842,0.0
386860,clust_4,clust_6,0.14949263654635242,0.0
448674,clust_0,clust_4,0.15831331811192198,0.0
271248,clust_6,clust_3,0.09030454117951209,0.0
135584,clust_8,clust_4,0.3593660723564169,1.0
161379,clust_0,clust_0,0.21340915026210688,0.0
362393,clust_4,clust_0,0.23583134796799982,0.0
390953,clust_1,clust_2,0.13797580260542944,0.0
301766,clust_8,clust_5,0.21300780396198452,0.0
121622,clust_9,clust_6,0.23976534163860466,0.0
143475,clust_3,clust_1,0.15037681829979793,0.0
212048,clust_7,clust_6,0.2048818038761188,0.0
434739,clust_3,clust_4,0.1573739327003338,0.0
244104,clust_1,clust_4,0.1259111320817914,0.0
162898,clust_0,clust_1,0.21738044660897538,0.0
264010,clust_3,clust_6,0.11173328333541603,0.0
306066,clust_1,clust_4,0.2304109787474923,0.0
219360,clust_0,clust_4,0.1756431495597363,0.0
178226,clust_3,clust_8,0.1633401419187686,0.0
313781,clust_0,clust_4,0.3082665954006529,1.0
350032,clust_3,clust_5,0.18362102599108826,0.0
405443,clust_1,clust_4,0.4945213998763774,1.0
102125,clust_1,clust_0,0.13964957318478172,0.0
143060,clust_0,clust_0,0.1496141915256598,0.0
222188,clust_4,clust_0,0.2854388076368944,0.0
194187,clust_3,clust_4,0.1544947627030415,0.0
389080,clust_0,clust_4,0.10421627286719133,0.0
270415,clust_3,clust_1,0.21275434103383845,0.0
215829,clust_3,clust_3,0.11878275885182073,0.0
147981,clust_6,clust_4,0.2578083573898026,0.0
290114,clust_9,clust_1,0.1000887909573489,0.0
335305,clust_4,clust_8,0.29195870024927856,1.0
193204,clust_7,clust_0,0.21305395275137598,0.0
100280,clust_7,clust_9,0.11083628873291525,0.0
429673,clust_0,clust_1,0.10643585889348162,0.0
248364,clust_9,clust_4,0.2867601061903069,0.0
128294,clust_1,clust_2,0.3032276034652721,1.0
336955,clust_4,clust_6,0.3180713815400095,1.0
407596,clust_9,clust_0,0.14584809462372225,0.0
148437,clust_3,clust_5,0.1659206672601349,0.0
154215,clust_6,clust_4,0.1434415838941219,0.0
195645,clust_1,clust_5,0.2658864159186156,0.0
173667,clust_5,clust_0,0.3214725093628776,1.0
352768,clust_3,clust_5,0.20378352514125742,0.0
450065,clust_4,clust_6,0.15853944585168336,0.0
364702,clust_0,clust_0,0.15190139558432275,0.0
360189,clust_1,clust_0,0.4015596814569572,1.0
341828,clust_3,clust_1,0.29643835607135305,1.0
181484,clust_6,clust_8,0.14548258333208136,0.0
344060,clust_0,clust_0,0.12571534788951114,0.0
131950,clust_6,clust_4,0.15339763122590253,0.0
221884,clust_3,clust_4,0.3470499563105807,1.0
360165,clust_0,clust_3,0.13184036111327938,0.0
256114,clust_3,clust_4,0.2410823537197508,0.0
349113,clust_1,clust_8,0.1537457127856735,0.0
228954,clust_5,clust_0,0.29635199525191774,1.0
300850,clust_0,clust_2,0.07205420285330057,0.0
281367,clust_1,clust_5,0.1569791862622201,0.0
288886,clust_9,clust_0,0.1219042031868839,0.0
227148,clust_1,clust_6,0.11153962304621047,0.0
186230,clust_4,clust_4,0.1652610455922554,0.0
104814,clust_1,clust_5,0.10806323370672562,0.0
351002,clust_6,clust_1,0.47398177302526445,1.0
157507,clust_4,clust_4,0.1950180735791027,0.0
267600,clust_3,clust_0,0.10193056082129956,0.0
190886,clust_3,clust_4,0.19407385329384452,0.0
198004,clust_9,clust_8,0.10446879266712682,0.0
307539,clust_0,clust_1,0.11442900820700082,0.0
158764,clust_8,clust_4,0.2577220041449314,0.0
284106,clust_0,clust_0,0.07558388444881542,0.0
261273,clust_3,clust_0,0.4211395121173597,1.0
362685,clust_0,clust_4,0.26400427244225555,0.0
402155,clust_3,clust_1,0.16646646252422825,0.0
440147,clust_3,clust_2,0.14363717451590427,0.0
422057,clust_8,clust_1,0.4145737084209853,1.0
247559,clust_3,clust_6,0.15407013134714123,0.0
158651,clust_3,clust_4,0.08499669168612019,0.0
368513,clust_5,clust_4,0.275916931795364,0.0
302701,clust_2,clust_6,0.1618544892577188,0.0
266759,clust_5,clust_9,0.2598862091971843,0.0
372606,clust_1,clust_4,0.11755641164983806,0.0
158368,clust_1,clust_0,0.19038929023824067,0.0
408624,clust_4,clust_8,0.18282524511815657,0.0
203176,clust_0,clust_2,0.21830630557331648,0.0
407613,clust_1,clust_4,0.3495428888373961,1.0
138308,clust_5,clust_6,0.08989900133264102,0.0
205591,clust_6,clust_1,0.2619133756464057,0.0
268426,clust_1,clust_8,0.26267848161063667,0.0
257940,clust_1,clust_4,0.24040845134634625,0.0
266783,clust_0,clust_2,0.16541589727406325,0.0
300421,clust_8,clust_8,0.20124473381087823,0.0
438808,clust_3,clust_8,0.12112349895870324,0.0
121612,clust_1,clust_0,0.06844369373135063,0.0
111592,clust_1,clust_8,0.1983302617530631,0.0
132208,clust_0,clust_6,0.4238639523379949,1.0
141283,clust_3,clust_5,0.08989953730755049,0.0
364147,clust_4,clust_9,0.243792964210115,0.0
405700,clust_1,clust_4,0.25237533812429047,0.0
102868,clust_1,clust_5,0.07586033868709978,0.0
445193,clust_6,clust_8,0.16157095014330813,0.0
319475,clust_1,clust_4,0.08901442418439304,0.0
154818,clust_9,clust_0,0.2512434049535062,0.0
104327,clust_1,clust_8,0.4114460044625056,1.0
125622,clust_9,clust_8,0.1115208884917261,0.0
399066,clust_1,clust_5,0.29333907195295206,1.0
355560,clust_4,clust_0,0.2053502506647547,0.0
412154,clust_1,clust_6,0.06922126633023894,0.0
114893,clust_3,clust_3,0.12504966444559773,0.0
192686,clust_3,clust_4,0.280177367186536,0.0
314334,clust_8,clust_5,0.0900640248817349,0.0
426631,clust_1,clust_0,0.20648693381983543,0.0
106199,clust_3,clust_8,0.2263949915372602,0.0
273874,clust_1,clust_8,0.2119854996293189,0.0
248368,clust_1,clust_4,0.15646754271314603,0.0
392221,clust_1,clust_2,0.22846223974783228,0.0
424235,clust_5,clust_9,0.37506282746537434,1.0
236068,clust_6,clust_1,0.20905557646412823,0.0
413262,clust_3,clust_0,0.1497981112675605,0.0
293542,clust_3,clust_1,0.23531464796985158,0.0
133733,clust_4,clust_4,0.19261110236632797,0.0
183530,clust_0,clust_2,0.32957852925726216,1.0
343205,clust_1,clust_0,0.08723490920351035,0.0
205209,clust_0,clust_0,0.2760546794170014,0.0
248037,clust_2,clust_4,0.2931585428680619,1.0
261763,clust_3,clust_4,0.11972994015391994,0.0
355341,clust_4,clust_9,0.22087695855633777,0.0
376445,clust_3,clust_1,0.23949696259260347,0.0
449462,clust_0,clust_4,0.11844296626826958,0.0
340686,clust_3,clust_5,0.2991105800523848,1.0
344256,clust_8,clust_9,0.42040636867430553,1.0
157789,clust_0,clust_8,0.18549360516059812,0.0
308096,clust_0,clust_0,0.16688834437678565,0.0
433452,clust_6,clust_8,0.2374468036888149,0.0
438651,clust_8,clust_4,0.2244157936128928,0.0
267687,clust_9,clust_0,0.22491837533791406,0.0
141389,clust_1,clust_4,0.18345905490712514,0.0
243778,clust_0,clust_3,0.17326504296880568,0.0
126370,clust_5,clust_4,0.20441713908322875,0.0
344225,clust_1,clust_4,0.32536025110750366,1.0
248738,clust_3,clust_1,0.34463289186419355,1.0
219516,clust_9,clust_1,0.3988001340029793,1.0
449768,clust_3,clust_8,0.12127758095308998,0.0
213482,clust_1,clust_1,0.07620830430427626,0.0
123766,clust_9,clust_8,0.11123848101843509,0.0
255572,clust_2,clust_0,0.14400176103042897,0.0
455481,clust_3,clust_2,0.1474089106708705,0.0
100005,clust_3,clust_1,0.4019404709260374,1.0
353484,clust_6,clust_4,0.24194917844372768,0.0
137214,clust_0,clust_6,0.10477386015802909,0.0
366396,clust_3,clust_8,0.14345782239293847,0.0
160177,clust_0,clust_0,0.1631078420203572,0.0
319168,clust_1,clust_0,0.30936270001601757,1.0
373286,clust_5,clust_0,0.11874366666618004,0.0
418132,clust_0,clust_5,0.3050308331874409,1.0
146356,clust_6,clust_4,0.07068769481226947,0.0
211191,clust_3,clust_1,0.09400745501294754,0.0
177285,clust_3,clust_8,0.19447847521757658,0.0
248586,clust_9,clust_5,0.30647470743533123,1.0
330822,clust_0,clust_2,0.11225865337297206,0.0
452840,clust_8,clust_2,0.18677991072895242,0.0
328313,clust_1,clust_3,0.28891411751780716,0.0
222061,clust_8,clust_8,0.13949114529729137,0.0
237025,clust_4,clust_9,0.09801757243131153,0.0
112339,clust_4,clust_2,0.5083104789548474,1.0
201906,clust_7,clust_6,0.1389793376569763,0.0
279252,clust_6,clust_2,0.18419782886832622,0.0
130204,clust_6,clust_0,0.11267219901523406,0.0
225545,clust_1,clust_6,0.13095806078547376,0.0
433198,clust_4,clust_8,0.09413285124663291,0.0
412777,clust_0,clust_4,0.12919179517268287,0.0
104278,clust_1,clust_5,0.1679169998053562,0.0
182050,clust_1,clust_5,0.17030702762917377,0.0
423116,clust_1,clust_4,0.17667847149935353,0.0
359050,clust_3,clust_1,0.09797158096919621,0.0
320789,clust_4,clust_9,0.3125085371465941,1.0
235651,clust_6,clust_4,0.17018999031531953,0.0
370856,clust_1,clust_1,0.119983350385035,0.0
305210,clust_3,clust_5,0.1537463034012984,0.0
349163,clust_0,clust_0,0.1042702358132939,0.0
221116,clust_1,clust_0,0.32099765784939527,1.0
404391,clust_5,clust_6,0.12805787150368492,0.0
170461,clust_0,clust_6,0.08252439867690804,0.0
332724,clust_8,clust_8,0.08814068211468662,0.0
407288,clust_3,clust_5,0.09511858404603375,0.0
341997,clust_1,clust_1,0.314270957922307,1.0
421982,clust_2,clust_0,0.2732159178343412,0.0
232285,clust_0,clust_4,0.23145545764693784,0.0
248951,clust_0,clust_9,0.22022914578703326,0.0
438007,clust_3,clust_0,0.1777506565176635,0.0
314690,clust_5,clust_4,0.289201286160287,0.0
340430,clust_1,clust_2,0.21029293475213218,0.0
111174,clust_1,clust_8,0.17878629786142444,0.0
162165,clust_1,clust_1,0.29963036320867914,1.0
292452,clust_1,clust_1,0.31107836380776854,1.0
157859,clust_7,clust_6,0.1620368390977942,0.0
216655,clust_1,clust_4,0.26513238124604843,0.0
164300,clust_4,clust_8,0.16222564703012796,0.0
363094,clust_1,clust_2,0.09818873153532579,0.0
254817,clust_0,clust_4,0.09861475939455305,0.0
290746,clust_0,clust_0,0.24442349071061023,0.0
406865,clust_3,clust_8,0.17556398350167154,0.0
398269,clust_1,clust_8,0.27653199326606653,0.0
211203,clust_1,clust_8,0.11660374695454552,0.0
254858,clust_0,clust_6,0.28790750299216017,0.0
275912,clust_5,clust_1,0.15820349720085541,0.0
205241,clust_4,clust_4,0.08394091496452216,0.0
320149,clust_0,clust_1,0.14187053633922733,0.0
198799,clust_3,clust_8,0.16749713532455143,0.0
100702,clust_3,clust_4,0.3230003103651605,1.0
385563,clust_4,clust_4,0.152922394023834,0.0
143463,clust_4,clust_0,0.07316261413107857,0.0
397474,clust_1,clust_0,0.07291217414882191,0.0
218772,clust_3,clust_1,0.25080202152069064,0.0
144678,clust_7,clust_6,0.10494908910201173,0.0
319785,clust_1,clust_0,0.2560744046037205,0.0
204193,clust_4,clust_4,0.3237488769445887,1.0
286056,clust_1,clust_0,0.13782069682564602,0.0
211395,clust_3,clust_1,0.31194701269394026,1.0
143209,clust_3,clust_0,0.1770540397858814,0.0
338318,clust_0,clust_4,0.12669653592367422,0.0
102218,clust_3,clust_1,0.12738457543442286,0.0
187977,clust_3,clust_8,0.0651122545872847,0.0
446905,clust_0,clust_0,0.38697775618261354,1.0
315257,clust_4,clust_9,0.168214750438818,0.0
287428,clust_1,clust_2,0.35380079060872,1.0
436896,clust_4,clust_8,0.13772057946212604,0.0
441000,clust_1,clust_4,0.14968307188498367,0.0
410912,clust_8,clust_6,0.28677219894547284,0.0
182012,clust_1,clust_0,0.14142522689951137,0.0
133586,clust_4,clust_0,0.18843562633672203,0.0
249212,clust_3,clust_4,0.2861741472468937,0.0
283310,clust_3,clust_0,0.1917071935739716,0.0
328668,clust_3,clust_1,0.12295004918777214,0.0
394063,clust_0,clust_5,0.139448020199151,0.0
367547,clust_6,clust_1,0.12511024259173614,0.0
444384,clust_8,clust_9,0.1182749300717381,0.0
173393,clust_3,clust_4,0.15650652754655375,0.0
439550,clust_5,clust_5,0.17054769009757484,0.0
351008,clust_1,clust_6,0.15139027361630358,0.0
403376,clust_0,clust_4,0.25490537963253224,0.0
192029,clust_8,clust_0,0.10115555560006899,0.0
127676,clust_0,clust_1,0.22571713379906885,0.0
316948,clust_6,clust_5,0.10879404983729166,0.0
384881,clust_1,clust_5,0.149455225183622,0.0
418014,clust_0,clust_4,0.35205367208057814,1.0
114864,clust_0,clust_0,0.17404075193581273,0.0
372955,clust_7,clust_4,0.1058044570599204,0.0
273304,clust_5,clust_8,0.32266498431320434,1.0
402270,clust_0,clust_4,0.08713398886166947,0.0
249542,clust_3,clust_3,0.21568332253095954,0.0
113652,clust_1,clust_0,0.3930516862837045,1.0
364308,clust_5,clust_5,0.21126136141954507,0.0
289802,clust_2,clust_0,0.20428889313770576,0.0
316764,clust_1,clust_0,0.5457507304229028,1.0
450398,clust_6,clust_4,0.2901750408015772,1.0
379497,clust_3,clust_5,0.20960411728611597,0.0
386551,clust_6,clust_1,0.1297689238620494,0.0
359580,clust_9,clust_0,0.2701071034786426,0.0
177048,clust_3,clust_8,0.17373708022866546,0.0
389566,clust_1,clust_5,0.20810234233488065,0.0
257932,clust_2,clust_0,0.18592723994667745,0.0
187085,clust_4,clust_9,0.09689064862928232,0.0
189633,clust_3,clust_1,0.11261360677233385,0.0
347302,clust_3,clust_8,0.0682680667995563,0.0
277200,clust_0,clust_2,0.47674961294550594,1.0
125408,clust_3,clust_8,0.1700519182090324,0.0
142459,clust_0,clust_2,0.15801937232933647,0.0
406966,clust_3,clust_1,0.2012057552740301,0.0
105578,clust_6,clust_1,0.08588693811512016,0.0
332837,clust_1,clust_6,0.1631688944908967,0.0
413094,clust_6,clust_0,0.13208189678770432,0.0
351495,clust_9,clust_4,0.12353568967825566,0.0
213854,clust_8,clust_2,0.0975792707003818,0.0
410438,clust_3,clust_1,0.20374753684308047,0.0
124844,clust_5,clust_4,0.3462212093619273,1.0
376523,clust_1,clust_8,0.22609888428797598,0.0
269523,clust_6,clust_6,0.09212204362272323,0.0
168115,clust_3,clust_1,0.2868907948699849,0.0
243965,clust_1,clust_4,0.36941117176635685,1.0
219723,clust_0,clust_4,0.3422479308077733,1.0
170939,clust_1,clust_5,0.33753200789344884,1.0
270548,clust_1,clust_6,0.13488686977987144,0.0
330639,clust_3,clust_8,0.18713598140099774,0.0
217703,clust_3,clust_5,0.13557257952819973,0.0
121220,clust_0,clust_1,0.1621699975006125,0.0
392068,clust_0,clust_4,0.17982699395951926,0.0
208479,clust_6,clust_4,0.20569948372580366,0.0
330270,clust_1,clust_4,0.08101866674114008,0.0
407033,clust_3,clust_1,0.3895874621593012,1.0
242397,clust_1,clust_8,0.24987873477829187,0.0
282512,clust_3,clust_2,0.34667328085199256,1.0
401443,clust_6,clust_8,0.20844650716705254,0.0
423703,clust_2,clust_5,0.15847411278156526,0.0
175431,clust_3,clust_4,0.08969587286508036,0.0
394927,clust_1,clust_4,0.36031160059882994,1.0
274081,clust_8,clust_4,0.34373705941113286,1.0
220827,clust_0,clust_4,0.23292852072902426,0.0
213691,clust_4,clust_8,0.24759944745974488,0.0
105634,clust_1,clust_4,0.08789999491632418,0.0
368393,clust_4,clust_8,0.3411675155607875,1.0
153002,clust_4,clust_6,0.16088996506222142,0.0
326472,clust_8,clust_0,0.34604932571328484,1.0
324499,clust_3,clust_1,0.2357890262500175,0.0
187552,clust_3,clust_5,0.09680691238855103,0.0
225875,clust_1,clust_8,0.08371976723785532,0.0
164883,clust_3,clust_5,0.10879348450165456,0.0
177802,clust_0,clust_4,0.1467522937973848,0.0
116011,clust_5,clust_3,0.06578691199677247,0.0
332551,clust_6,clust_1,0.08514755775210209,0.0
100278,clust_5,clust_2,0.3624499576266235,1.0
295093,clust_3,clust_4,0.19979122387613613,0.0
245728,clust_1,clust_6,0.20697879031341435,0.0
421394,clust_3,clust_4,0.06898632999920876,0.0
179653,clust_1,clust_5,0.18436017367787053,0.0
320172,clust_0,clust_8,0.14480228235593806,0.0
311716,clust_1,clust_8,0.24132870230729156,0.0
199995,clust_0,clust_6,0.2738134349094237,0.0
303602,clust_1,clust_0,0.2581837759581423,0.0
336159,clust_0,clust_8,0.09830895949014265,0.0
448285,clust_0,clust_2,0.4554416313239861,1.0
299720,clust_1,clust_8,0.3241982717360549,1.0
383384,clust_6,clust_5,0.1919132743586402,0.0
317449,clust_3,clust_2,0.12268610379699585,0.0
318187,clust_1,clust_6,0.15426123488430007,0.0
333456,clust_1,clust_0,0.26109250806976886,0.0
343348,clust_7,clust_0,0.19508974445966507,0.0
263640,clust_0,clust_6,0.32118412822424425,1.0
347204,clust_4,clust_0,0.24581145834485266,0.0
282960,clust_1,clust_2,0.28317101289306124,0.0
403770,clust_4,clust_6,0.40458707082945394,1.0
123666,clust_4,clust_6,0.11370835280642291,0.0
387342,clust_1,clust_8,0.14688671308823542,0.0
233893,clust_3,clust_2,0.06734169840137642,0.0
149338,clust_0,clust_4,0.060346244239626416,0.0
267443,clust_0,clust_2,0.09641251747387923,0.0
347498,clust_4,clust_6,0.10513874692207126,0.0
448566,clust_1,clust_6,0.1288656774021292,0.0
294776,clust_6,clust_4,0.1712743988123767,0.0
115055,clust_8,clust_0,0.1662940967744338,0.0
213776,clust_1,clust_9,0.28208956210222874,0.0
332746,clust_0,clust_7,0.1144215605725014,0.0
228295,clust_3,clust_6,0.12729685977660266,0.0
225664,clust_0,clust_0,0.21989303052024467,0.0
260097,clust_3,clust_4,0.1616350111879879,0.0
296007,clust_7,clust_0,0.16594291402081854,0.0
447554,clust_3,clust_0,0.21753106272820408,0.0
344561,clust_6,clust_8,0.28454840593745534,0.0
348564,clust_3,clust_1,0.12047516432884252,0.0
172443,clust_0,clust_4,0.22789641673158884,0.0
199840,clust_3,clust_0,0.24141157161683924,0.0
111512,clust_6,clust_8,0.0699247957073136,0.0
216473,clust_3,clust_4,0.20096339088608414,0.0
215556,clust_4,clust_4,0.11725125261349319,0.0
303142,clust_9,clust_8,0.12265448006668098,0.0
131528,clust_9,clust_8,0.17228415079350443,0.0
101682,clust_1,clust_8,0.34244504471684517,1.0
184526,clust_1,clust_1,0.19956705364517233,0.0
412884,clust_3,clust_5,0.07929631194786915,0.0
325495,clust_3,clust_8,0.2551236348175817,0.0
410256,clust_0,clust_4,0.35676678825416347,1.0
415687,clust_0,clust_4,0.471057914480848,1.0
213886,clust_4,clust_9,0.0692772413810005,0.0
243398,clust_3,clust_4,0.11265227648413348,0.0
285525,clust_1,clust_8,0.14542545359550463,0.0
173743,clust_5,clust_4,0.1519950094299909,0.0
393833,clust_3,clust_5,0.5679485353340104,1.0
162410,clust_6,clust_2,0.12157843680686341,0.0
344292,clust_3,clust_8,0.17498764690354862,0.0
329078,clust_0,clust_0,0.27570831604877294,0.0
223412,clust_1,clust_4,0.1908783995858279,0.0
418004,clust_7,clust_6,0.25783758225044223,0.0
315432,clust_4,clust_4,0.17129575771948866,0.0
148534,clust_1,clust_8,0.2460685900515449,0.0
174325,clust_8,clust_8,0.374427171623086,1.0
271662,clust_3,clust_9,0.17302845709722045,0.0
192717,clust_3,clust_1,0.13426284047314513,0.0
185646,clust_4,clust_2,0.16572741512117437,0.0
264709,clust_1,clust_4,0.16333685783305055,0.0
276472,clust_3,clust_3,0.16514107786158141,0.0
322018,clust_3,clust_6,0.12957123643654297,0.0
199067,clust_1,clust_9,0.30250937990705434,1.0
347031,clust_3,clust_0,0.1589829696101054,0.0
394606,clust_0,clust_5,0.24166274609143745,0.0
240615,clust_3,clust_1,0.08168948608022734,0.0
138831,clust_1,clust_0,0.20358982556117342,0.0
446555,clust_0,clust_5,0.18082880668906176,0.0
335176,clust_0,clust_3,0.2149129569817249,0.0
270831,clust_1,clust_1,0.21187102747607564,0.0
161980,clust_5,clust_7,0.1754979285766671,0.0
443512,clust_0,clust_1,0.14205774121158798,0.0
331244,clust_3,clust_0,0.15228040863710002,0.0
106735,clust_1,clust_1,0.1702679152172548,0.0
273005,clust_3,clust_1,0.11011405875565153,0.0
327273,clust_0,clust_3,0.23352230669798574,0.0
294403,clust_9,clust_0,0.2512933706288642,0.0
210597,clust_1,clust_4,0.3046816130216354,1.0
340746,clust_8,clust_6,0.19308837759816966,0.0
452974,clust_1,clust_2,0.0886295389287938,0.0
205045,clust_9,clust_8,0.16361513509513587,0.0
177791,clust_0,clust_4,0.14910855899705083,0.0
273664,clust_1,clust_9,0.07058993739051002,0.0
135778,clust_1,clust_4,0.08880982924952174,0.0
252926,clust_6,clust_8,0.17779776305980735,0.0
353602,clust_1,clust_3,0.3345970236093227,1.0
318782,clust_4,clust_7,0.2776332249969308,0.0
445612,clust_3,clust_5,0.14211401244321367,0.0
389772,clust_1,clust_0,0.11965270161397092,0.0
103525,clust_3,clust_4,0.22743038969283105,0.0
274229,clust_0,clust_8,0.1616361248965926,0.0
281936,clust_0,clust_4,0.33376784963156814,1.0
361214,clust_0,clust_8,0.21885967637313308,0.0
290923,clust_9,clust_4,0.14531046563955297,0.0
282041,clust_1,clust_4,0.21030890219190806,0.0
299898,clust_3,clust_8,0.15668816650758371,0.0
405879,clust_4,clust_0,0.0939435463440297,0.0
370288,clust_4,clust_9,0.1269774481032838,0.0
333086,clust_1,clust_2,0.1502071130623161,0.0
322334,clust_2,clust_0,0.40434216272882806,1.0
164156,clust_2,clust_9,0.26461931140148554,0.0
281972,clust_1,clust_0,0.3646541601476284,1.0
109309,clust_0,clust_5,0.19439643090692638,0.0
285050,clust_3,clust_8,0.17728188828518068,0.0
190581,clust_0,clust_0,0.1578636882670594,0.0
385883,clust_0,clust_9,0.2072279163644828,0.0
133660,clust_3,clust_0,0.14905104377957756,0.0
292966,clust_4,clust_7,0.41123171953661897,1.0
119980,clust_1,clust_0,0.24622302235730414,0.0
104272,clust_4,clust_6,0.1657213777494074,0.0
181682,clust_6,clust_2,0.2072160653453604,0.0
413992,clust_0,clust_8,0.11692764696744488,0.0
205525,clust_1,clust_4,0.15619107814680097,0.0
150652,clust_3,clust_6,0.4327766221976059,1.0
131366,clust_0,clust_5,0.22271376325698247,0.0
380979,clust_0,clust_2,0.2822497565484166,0.0
225044,clust_7,clust_0,0.16361426861976147,0.0
428764,clust_3,clust_8,0.15223080709633596,0.0
342305,clust_0,clust_3,0.14278598302976878,0.0
225826,clust_1,clust_0,0.1053550750951251,0.0
404259,clust_3,clust_1,0.06717915307589582,0.0
444136,clust_3,clust_1,0.10251741146294945,0.0
279960,clust_6,clust_8,0.11268354688537133,0.0
305640,clust_0,clust_4,0.20597095271978924,0.0
129658,clust_0,clust_0,0.11067855120395036,0.0
447023,clust_0,clust_9,0.3558622671628182,1.0
149154,clust_8,clust_4,0.15346824802133638,0.0
370533,clust_9,clust_8,0.10945129604888713,0.0
236289,clust_5,clust_6,0.23682114745391256,0.0
110637,clust_3,clust_2,0.2921351362865121,1.0
446631,clust_1,clust_5,0.22380081972439134,0.0
424207,clust_8,clust_4,0.26808992026970807,0.0
112089,clust_1,clust_5,0.12548168469660795,0.0
196303,clust_3,clust_8,0.08038271213669705,0.0
412776,clust_4,clust_4,0.2112008195454476,0.0
216587,clust_5,clust_0,0.3018923131143757,1.0
368129,clust_4,clust_0,0.4422987115494691,1.0
242264,clust_1,clust_2,0.09612990364810527,0.0
373631,clust_3,clust_5,0.1784673907114517,0.0
180736,clust_4,clust_7,0.1547218356153813,0.0
403821,clust_4,clust_4,0.29848092950975297,1.0
285472,clust_1,clust_4,0.266179950016847,0.0
334353,clust_3,clust_4,0.14407693064217889,0.0
146730,clust_4,clust_6,0.212484494658731,0.0
339884,clust_6,clust_6,0.30771462445424347,1.0
234470,clust_6,clust_4,0.25416065033505003,0.0
219085,clust_6,clust_7,0.20591967362173288,0.0
250276,clust_4,clust_4,0.22938320013441957,0.0
439830,clust_0,clust_2,0.23901653479478815,0.0
320379,clust_0,clust_1,0.30521607324064354,1.0
197107,clust_3,clust_1,0.19126049405264572,0.0
105223,clust_6,clust_6,0.28124339526998293,0.0
228512,clust_1,clust_2,0.14107492919771406,0.0
316697,clust_3,clust_2,0.08509257618958989,0.0
441458,clust_1,clust_6,0.21130385965034795,0.0
157581,clust_0,clust_4,0.17245136091908678,0.0
162157,clust_0,clust_0,0.1393827976815843,0.0
388196,clust_1,clust_1,0.18476542386285616,0.0
325954,clust_3,clust_0,0.27363732667998236,0.0
326746,clust_5,clust_9,0.13432767068846108,0.0
404850,clust_8,clust_9,0.07490953827829629,0.0
366093,clust_3,clust_8,0.4175301942240025,1.0
125394,clust_8,clust_6,0.35986882065508885,1.0
298296,clust_0,clust_9,0.12741636076300286,0.0
256666,clust_0,clust_0,0.17475511742999314,0.0
151058,clust_0,clust_4,0.4288247740196773,1.0
233071,clust_1,clust_4,0.5166301099057491,1.0
416276,clust_6,clust_1,0.09436456267085955,0.0
247896,clust_1,clust_8,0.07964929355067828,0.0
131890,clust_1,clust_0,0.34462881198912343,1.0
292837,clust_3,clust_0,0.0661922306414684,0.0
408388,clust_3,clust_0,0.10919488925842886,0.0
293560,clust_1,clust_4,0.22646066937228637,0.0
366774,clust_0,clust_2,0.16283020751863594,0.0
286404,clust_0,clust_4,0.0730098011830024,0.0
313109,clust_3,clust_0,0.16347286387586973,0.0
258567,clust_0,clust_2,0.3114512820613704,1.0
110282,clust_5,clust_9,0.2621603402661402,0.0
321770,clust_6,clust_4,0.23186838153265318,0.0
163423,clust_9,clust_8,0.16065037861791173,0.0
360248,clust_0,clust_2,0.437726232680755,1.0
265714,clust_2,clust_4,0.14013502843669248,0.0
141426,clust_6,clust_0,0.0928616594565805,0.0
337901,clust_0,clust_4,0.1989730691460567,0.0
237960,clust_4,clust_6,0.18333834282846492,0.0
388622,clust_4,clust_0,0.27622553423926854,0.0
216189,clust_3,clust_9,0.2601104575228854,0.0
195955,clust_3,clust_4,0.1506727549945681,0.0
296518,clust_3,clust_0,0.13622397666701097,0.0
166033,clust_3,clust_8,0.2490823907987884,0.0
316763,clust_2,clust_6,0.11284828583498016,0.0
156517,clust_4,clust_0,0.32704194255869756,1.0
221148,clust_9,clust_5,0.14945124226762393,0.0
222938,clust_4,clust_9,0.08370974160691107,0.0
239307,clust_1,clust_1,0.18621083328965188,0.0
406734,clust_1,clust_3,0.10695731063487669,0.0
107561,clust_1,clust_9,0.17572365578838076,0.0
450383,clust_4,clust_0,0.12143167845423994,0.0
208907,clust_0,clust_5,0.06921493231937798,0.0
242185,clust_1,clust_2,0.22518994636797443,0.0
366451,clust_5,clust_9,0.22593697136398094,0.0
341235,clust_0,clust_5,0.23655112064734912,0.0
312223,clust_1,clust_8,0.24627297250737804,0.0
243263,clust_3,clust_8,0.1412644016728775,0.0
262665,clust_3,clust_3,0.25543853550920365,0.0
356327,clust_4,clust_4,0.22086576532546492,0.0
447425,clust_1,clust_2,0.1653781008336051,0.0
207979,clust_1,clust_4,0.49483706836039537,1.0
338086,clust_1,clust_4,0.09577476445219521,0.0
334285,clust_6,clust_0,0.34361037858133436,1.0
123018,clust_0,clust_0,0.1019648865209768,0.0
431680,clust_4,clust_4,0.3489812850662722,1.0
250091,clust_1,clust_8,0.29774286451958676,1.0
262380,clust_4,clust_4,0.23034684617778503,0.0
110324,clust_0,clust_5,0.27925028592554896,0.0
115865,clust_3,clust_4,0.12477098343784442,0.0
381736,clust_4,clust_5,0.12277253912536716,0.0
149587,clust_3,clust_0,0.30563905721803714,1.0
403559,clust_9,clust_6,0.16090978461277472,0.0
188262,clust_8,clust_4,0.2574394404937777,0.0
122160,clust_0,clust_8,0.10500309898489606,0.0
258842,clust_1,clust_1,0.21349896567965376,0.0
391408,clust_3,clust_5,0.08827633910755547,0.0
185622,clust_1,clust_5,0.36065978864224707,1.0
238127,clust_0,clust_6,0.14884597717907014,0.0
335253,clust_6,clust_6,0.16970594425248034,0.0
270307,clust_3,clust_4,0.08413043359520922,0.0
285861,clust_3,clust_0,0.3410027714510486,1.0
363624,clust_0,clust_2,0.2919963451001964,1.0
444457,clust_1,clust_4,0.1419427785364877,0.0
117224,clust_3,clust_5,0.12045099091313466,0.0
328604,clust_8,clust_3,0.23994783699295522,0.0
165313,clust_3,clust_1,0.07760676352974265,0.0
396057,clust_1,clust_8,0.23076394732270372,0.0
159598,clust_3,clust_5,0.07133471570635376,0.0
423753,clust_0,clust_4,0.16562574011039174,0.0
275469,clust_0,clust_8,0.16898735810200444,0.0
394653,clust_1,clust_1,0.1716369823675363,0.0
186166,clust_4,clust_6,0.3600062106848865,1.0
169378,clust_1,clust_4,0.24506788937302557,0.0
282427,clust_9,clust_0,0.19016174551464643,0.0
431649,clust_0,clust_4,0.18848347418482972,0.0
441667,clust_4,clust_4,0.21581317370572534,0.0
300392,clust_3,clust_0,0.3963289482312753,1.0
368353,clust_0,clust_1,0.34511731607429585,1.0
318557,clust_1,clust_8,0.17961792737882154,0.0
173780,clust_3,clust_1,0.08881610778339977,0.0
402563,clust_6,clust_1,0.0681512740857221,0.0
377450,clust_0,clust_5,0.6791453848739022,1.0
387572,clust_8,clust_4,0.1646867442671252,0.0
136449,clust_3,clust_2,0.07538891879015527,0.0
334764,clust_1,clust_6,0.3221229736151355,1.0
149166,clust_9,clust_5,0.18053670237439257,0.0
199212,clust_3,clust_1,0.1496369258474531,0.0
277148,clust_0,clust_0,0.30839847390079117,1.0
108920,clust_3,clust_8,0.12128629368789737,0.0
342703,clust_3,clust_3,0.17724021879909357,0.0
453473,clust_1,clust_8,0.25590478328433497,0.0
199153,clust_1,clust_6,0.10247847844134299,0.0
300126,clust_3,clust_6,0.14657798146219667,0.0
215649,clust_4,clust_4,0.11130929895127689,0.0
321415,clust_2,clust_6,0.23852708224396507,0.0
300339,clust_0,clust_6,0.0831017746256278,0.0
378121,clust_1,clust_5,0.20385255807958833,0.0
211901,clust_6,clust_8,0.21133669096981686,0.0
445123,clust_1,clust_4,0.142410189667899,0.0
153625,clust_1,clust_5,0.15029880097055387,0.0
320704,clust_8,clust_3,0.29853549878223246,1.0
438506,clust_3,clust_3,0.17657030854928127,0.0
264849,clust_3,clust_4,0.3874909464271223,1.0
406893,clust_2,clust_5,0.08916073861127025,0.0
242219,clust_1,clust_0,0.15554697108802343,0.0
179967,clust_4,clust_0,0.06986118718180198,0.0
322749,clust_7,clust_6,0.07842279500161142,0.0
170051,clust_9,clust_8,0.15014094858638768,0.0
251567,clust_4,clust_6,0.15987222136644935,0.0
410025,clust_1,clust_0,0.08979295525461245,0.0
238180,clust_6,clust_0,0.44766192222887097,1.0
375384,clust_4,clust_4,0.4879883183645771,1.0
100416,clust_3,clust_4,0.13153172064640342,0.0
292649,clust_3,clust_6,0.09550159374336466,0.0
392680,clust_1,clust_5,0.31219977205922467,1.0
336492,clust_3,clust_4,0.3022353252794763,1.0
332285,clust_1,clust_6,0.3711989585303452,1.0
410359,clust_5,clust_0,0.27796595218772463,0.0
427324,clust_0,clust_8,0.5481868276463977,1.0
300240,clust_1,clust_0,0.537054160387986,1.0
166583,clust_2,clust_4,0.30856773502114027,1.0
212897,clust_0,clust_0,0.08132071035894971,0.0
164963,clust_1,clust_5,0.09352774604826547,0.0
183342,clust_3,clust_3,0.11353067887401247,0.0
278482,clust_1,clust_1,0.14670033763297752,0.0
348462,clust_8,clust_8,0.11397854957387403,0.0
199030,clust_0,clust_3,0.24913640798045802,0.0
149318,clust_3,clust_0,0.058911351324613975,0.0
308679,clust_1,clust_5,0.15656304085492986,0.0
353905,clust_3,clust_4,0.23392439744516158,0.0
338719,clust_3,clust_8,0.1430954068590088,0.0
397452,clust_0,clust_0,0.3225954822997994,1.0
197664,clust_1,clust_4,0.4501359535765035,1.0
398817,clust_6,clust_4,0.0879674987919846,0.0
291579,clust_9,clust_0,0.36196603712869607,1.0
431651,clust_7,clust_4,0.1404220195955724,0.0
148639,clust_9,clust_4,0.18135144849264023,0.0
282270,clust_9,clust_9,0.17484922501226632,0.0
112469,clust_3,clust_0,0.19424887098488355,0.0
144259,clust_3,clust_8,0.10463632420021593,0.0
435260,clust_1,clust_0,0.138668256739721,0.0
434327,clust_0,clust_6,0.10127864453181856,0.0
176347,clust_0,clust_0,0.2636707532423841,0.0
327215,clust_3,clust_1,0.062222337966244136,0.0
346714,clust_3,clust_4,0.21610076778426923,0.0
227500,clust_3,clust_8,0.13673228001185636,0.0
233335,clust_0,clust_0,0.2970789099303496,1.0
269938,clust_8,clust_0,0.31584904883452786,1.0
122902,clust_7,clust_5,0.26303969219963325,0.0
332317,clust_0,clust_6,0.17406578748406523,0.0
263945,clust_4,clust_9,0.0750494364220428,0.0
132353,clust_3,clust_5,0.19573799711273115,0.0
347443,clust_1,clust_0,0.32713931116616657,1.0
176035,clust_4,clust_4,0.20967998698021978,0.0
416884,clust_8,clust_4,0.15818327891583225,0.0
104906,clust_1,clust_6,0.12843766147815827,0.0
408003,clust_3,clust_0,0.18880832558706734,0.0
178268,clust_2,clust_6,0.14818376805407632,0.0
177639,clust_3,clust_8,0.5709483620439088,1.0
152916,clust_3,clust_0,0.24762433725041977,0.0
364357,clust_3,clust_0,0.6419602098016123,1.0
367056,clust_3,clust_8,0.09717574298985016,0.0
279134,clust_7,clust_0,0.1890820172603644,0.0
320462,clust_0,clust_6,0.29929624576054226,1.0
139127,clust_1,clust_4,0.2858683705492553,0.0
115877,clust_6,clust_4,0.2277566907072504,0.0
328179,clust_0,clust_0,0.16838460317912995,0.0
417949,clust_1,clust_1,0.2060341094829502,0.0
287733,clust_9,clust_2,0.0670413403044117,0.0
142210,clust_9,clust_0,0.13585975945520445,0.0
240948,clust_9,clust_5,0.12193592864491215,0.0
178804,clust_3,clust_1,0.07492975864821894,0.0
298051,clust_0,clust_1,0.15932309633766886,0.0
345941,clust_4,clust_0,0.15761834616669362,0.0
156236,clust_3,clust_2,0.3429838877830452,1.0
183433,clust_0,clust_8,0.5734851500704962,1.0
268859,clust_1,clust_4,0.11004688078162732,0.0
256754,clust_3,clust_0,0.2551337344093452,0.0
323860,clust_8,clust_0,0.08570497124804745,0.0
446832,clust_1,clust_5,0.1883563435492697,0.0
450917,clust_8,clust_0,0.13212347282866174,0.0
393708,clust_6,clust_0,0.17511400672531224,0.0
205252,clust_3,clust_2,0.23197729715288284,0.0
144168,clust_4,clust_9,0.26376772339046506,0.0
393227,clust_3,clust_4,0.12413774056097801,0.0
244631,clust_1,clust_8,0.24688858730190785,0.0
399571,clust_9,clust_0,0.15921864083849013,0.0
315541,clust_5,clust_1,0.25846005597291727,0.0
398261,clust_1,clust_8,0.1252987207595293,0.0
251196,clust_0,clust_0,0.34544336459523795,1.0
210152,clust_4,clust_6,0.14714983185912525,0.0
310794,clust_1,clust_5,0.08607402449778262,0.0
251629,clust_3,clust_1,0.12332340303614349,0.0
110694,clust_8,clust_4,0.2235487686186477,0.0
402278,clust_0,clust_1,0.13707593248848596,0.0
155133,clust_0,clust_0,0.24093366680864292,0.0
157153,clust_1,clust_2,0.21085309782272735,0.0
168774,clust_6,clust_1,0.18956872583122472,0.0
244498,clust_6,clust_4,0.1726907152081324,0.0
194371,clust_5,clust_4,0.12410381683808681,0.0
134486,clust_4,clust_2,0.30384256909265184,1.0
409220,clust_3,clust_8,0.3041898571131459,1.0
145869,clust_1,clust_2,0.31616439051036527,1.0
301299,clust_0,clust_0,0.10340657081363872,0.0
280599,clust_4,clust_4,0.17139757953454643,0.0
256876,clust_9,clust_4,0.12073335743101744,0.0
218449,clust_3,clust_4,0.19989170094462477,0.0
300177,clust_3,clust_1,0.3966178556196741,1.0
386552,clust_9,clust_4,0.06974907528653013,0.0
434108,clust_5,clust_4,0.33181238045054173,1.0
448100,clust_4,clust_6,0.09831175550269199,0.0
116828,clust_3,clust_4,0.07638431906006544,0.0
239489,clust_1,clust_6,0.3026417643501408,1.0
129553,clust_6,clust_9,0.2561007323942727,0.0
202511,clust_1,clust_0,0.3678961817093674,1.0
385145,clust_0,clust_0,0.1779024679838797,0.0
123155,clust_4,clust_9,0.19533959442737303,0.0
124406,clust_3,clust_0,0.19058151711270585,0.0
277229,clust_4,clust_0,0.44974485865306163,1.0
279648,clust_6,clust_2,0.4006443867238573,1.0
193541,clust_1,clust_3,0.12128693525835434,0.0
306990,clust_6,clust_0,0.23084484393643437,0.0
104870,clust_3,clust_3,0.1729201119779001,0.0
307294,clust_3,clust_4,0.09617118258125816,0.0
165840,clust_1,clust_5,0.4142239332915676,1.0
362803,clust_1,clust_8,0.15201000730306177,0.0
352991,clust_2,clust_6,0.1520159776026932,0.0
122425,clust_8,clust_0,0.3691182030896709,1.0
165300,clust_8,clust_9,0.11540896787563514,0.0
122573,clust_3,clust_0,0.293470413892773,1.0
301908,clust_0,clust_4,0.09704436450313736,0.0
353441,clust_1,clust_0,0.22753563442814256,0.0
127110,clust_7,clust_0,0.10529004782473804,0.0
255167,clust_9,clust_4,0.1921286447197971,0.0
158539,clust_1,clust_4,0.19925224717949896,0.0
326917,clust_0,clust_5,0.09817202932883562,0.0
278983,clust_6,clust_0,0.2010439366833306,0.0
214268,clust_3,clust_4,0.10837333190420545,0.0
448459,clust_6,clust_5,0.16409261882093543,0.0
238157,clust_1,clust_4,0.19906634456820768,0.0
148069,clust_4,clust_0,0.3242865162634888,1.0
271095,clust_9,clust_4,0.2874777545866981,0.0
407364,clust_2,clust_9,0.274139339427726,0.0
226766,clust_0,clust_8,0.21717741056142634,0.0
363212,clust_0,clust_6,0.2061781638419148,0.0
433276,clust_2,clust_3,0.36199126500544326,1.0
360124,clust_3,clust_4,0.3482840858156701,1.0
233405,clust_9,clust_2,0.18287334774263675,0.0
429129,clust_4,clust_0,0.10167950046336437,0.0
444504,clust_4,clust_0,0.22446600657033547,0.0
183902,clust_1,clust_9,0.20285955046712986,0.0
425403,clust_3,clust_1,0.2300830494823718,0.0
137640,clust_3,clust_8,0.10605585977855908,0.0
146121,clust_1,clust_5,0.20060272306308272,0.0
185286,clust_8,clust_6,0.23311760642530768,0.0
116787,clust_1,clust_2,0.3477852264713878,1.0
335342,clust_7,clust_6,0.16369870380798288,0.0
225363,clust_1,clust_9,0.1052877983035743,0.0
106205,clust_1,clust_8,0.1416021763446301,0.0
340067,clust_1,clust_1,0.14488917313163024,0.0
415549,clust_1,clust_4,0.2034447058866336,0.0
381456,clust_6,clust_1,0.29994798726166444,1.0
436537,clust_9,clust_4,0.11861053037994465,0.0
416310,clust_3,clust_8,0.5908953296580609,1.0
440750,clust_4,clust_9,0.14891997752251906,0.0
335973,clust_1,clust_0,0.1705671409253801,0.0
202073,clust_4,clust_9,0.2584318780702942,0.0
364403,clust_3,clust_4,0.10778217144849586,0.0
104089,clust_1,clust_4,0.3537336400073606,1.0
153033,clust_9,clust_6,0.21386617842191144,0.0
185697,clust_1,clust_1,0.3346587819393244,1.0
285359,clust_1,clust_4,0.13654433639074443,0.0
194598,clust_3,clust_0,0.13324813047574818,0.0
316270,clust_7,clust_6,0.19387374708622446,0.0
157109,clust_6,clust_4,0.11856359229242185,0.0
151586,clust_3,clust_4,0.38936508269146125,1.0
195435,clust_3,clust_6,0.3871554558158399,1.0
155730,clust_1,clust_1,0.2841645717410934,0.0
310388,clust_3,clust_4,0.06241222143471875,0.0
408482,clust_0,clust_4,0.0942517665650328,0.0
421827,clust_1,clust_2,0.21204384704990564,0.0
391831,clust_0,clust_0,0.19202302002199784,0.0
288617,clust_1,clust_8,0.14981066283191302,0.0
295918,clust_1,clust_3,0.2870319326334073,0.0
366394,clust_1,clust_6,0.4116828327297984,1.0
390574,clust_4,clust_6,0.27632397244563023,0.0
121553,clust_1,clust_8,0.34297855840988356,1.0
123633,clust_0,clust_2,0.1150993355233833,0.0
206684,clust_0,clust_8,0.13465977625893466,0.0
339656,clust_7,clust_6,0.0846849719143189,0.0
424800,clust_0,clust_0,0.13188140854737532,0.0
451571,clust_1,clust_8,0.15580522632928592,0.0
372393,clust_0,clust_1,0.23321071855390738,0.0
439207,clust_0,clust_1,0.3734104361683618,1.0
145835,clust_0,clust_8,0.30337502125109383,1.0
199425,clust_1,clust_0,0.23433557484508097,0.0
322979,clust_1,clust_4,0.13565828138096683,0.0
297313,clust_0,clust_5,0.2160126538860256,0.0
210158,clust_1,clust_2,0.21029657279712244,0.0
187809,clust_4,clust_2,0.3267589621026867,1.0
417999,clust_2,clust_6,0.15505194519922058,0.0
245748,clust_2,clust_8,0.09755434185042469,0.0
318177,clust_6,clust_5,0.19733671203593167,0.0
140248,clust_2,clust_0,0.17882155729011226,0.0
153263,clust_1,clust_4,0.154720456902101,0.0
281092,clust_1,clust_0,0.1529781516008594,0.0
325770,clust_1,clust_4,0.6982614453152578,1.0
315054,clust_3,clust_8,0.3591715474883743,1.0
312842,clust_5,clust_9,0.496070071277908,1.0
420284,clust_0,clust_9,0.13875151069149969,0.0
248505,clust_3,clust_5,0.06637285646910551,0.0
348522,clust_0,clust_1,0.1589990404175276,0.0
196834,clust_1,clust_0,0.1851005226414291,0.0
380020,clust_4,clust_0,0.18113281938024614,0.0
308833,clust_0,clust_0,0.15362121033011175,0.0
202698,clust_3,clust_5,0.16499133066318422,0.0
453072,clust_6,clust_4,0.08278466286053006,0.0
372112,clust_0,clust_4,0.09233156035286827,0.0
357489,clust_3,clust_5,0.4657540724276063,1.0
305532,clust_1,clust_0,0.3147796445687039,1.0
329969,clust_2,clust_9,0.10141343262131026,0.0
147373,clust_0,clust_6,0.16298651250809706,0.0
331480,clust_4,clust_9,0.29543359279977405,1.0
376483,clust_1,clust_8,0.1318082379445103,0.0
271739,clust_3,clust_2,0.21981143154640187,0.0
402559,clust_1,clust_1,0.26458399535864247,0.0
413607,clust_3,clust_2,0.0772569205595842,0.0
439356,clust_1,clust_0,0.23032244380024217,0.0
431540,clust_1,clust_4,0.13959307303314722,0.0
321227,clust_3,clust_8,0.100270443789127,0.0
135966,clust_1,clust_8,0.6115606416879379,1.0
356273,clust_0,clust_0,0.09003950794182994,0.0
428200,clust_8,clust_4,0.11702581923305282,0.0
390494,clust_3,clust_5,0.15825200817547647,0.0
178064,clust_6,clust_0,0.32860566056126184,1.0
276343,clust_6,clust_6,0.2991252224184589,1.0
307641,clust_4,clust_6,0.14115726540666496,0.0
189511,clust_1,clust_8,0.22077100870084296,0.0
208238,clust_0,clust_4,0.30922123856814054,1.0
442577,clust_8,clust_4,0.3618599064489217,1.0
183560,clust_5,clust_0,0.18568467359243454,0.0
454293,clust_1,clust_4,0.11646645919937361,0.0
205479,clust_1,clust_8,0.2877813107571615,0.0
113967,clust_3,clust_1,0.12187028033423777,0.0
271880,clust_3,clust_4,0.20311940091816763,0.0
100953,clust_1,clust_0,0.20001585848119538,0.0
114951,clust_7,clust_6,0.10888629668933085,0.0
372596,clust_0,clust_0,0.23241447856214972,0.0
159929,clust_5,clust_9,0.3674009218240675,1.0
430383,clust_6,clust_3,0.17877968244075673,0.0
423959,clust_0,clust_9,0.3141780219182601,1.0
129349,clust_4,clust_8,0.27549371192537203,0.0
430730,clust_3,clust_2,0.4066844103485574,1.0
131549,clust_5,clust_6,0.2858827102219446,0.0
397052,clust_8,clust_0,0.31220704109125724,1.0
336660,clust_5,clust_0,0.11620513025650642,0.0
323193,clust_1,clust_2,0.13310123075428976,0.0
226171,clust_6,clust_5,0.18389609068985305,0.0
127370,clust_6,clust_0,0.10198372538697051,0.0
155893,clust_1,clust_4,0.2487884897141007,0.0
427154,clust_3,clust_2,0.1775048667980688,0.0
162313,clust_2,clust_4,0.10520739840547345,0.0
128571,clust_9,clust_6,0.15951081141429982,0.0
118911,clust_3,clust_5,0.06623715865332332,0.0
332327,clust_3,clust_4,0.14618343887953889,0.0
436207,clust_3,clust_8,0.24142096733008248,0.0
241176,clust_1,clust_8,0.2080285466791025,0.0
369150,clust_3,clust_7,0.14923835895180568,0.0
358632,clust_3,clust_4,0.16029977842925683,0.0
326624,clust_3,clust_0,0.3863273943421435,1.0
161527,clust_1,clust_6,0.16765904996223135,0.0
350582,clust_3,clust_4,0.1542797389888165,0.0
270371,clust_8,clust_8,0.07856724443889126,0.0
340909,clust_4,clust_4,0.11763158800535495,0.0
383428,clust_6,clust_5,0.2975199012302579,1.0
453538,clust_0,clust_6,0.5596847418376325,1.0
446237,clust_3,clust_4,0.13146132144428954,0.0
397739,clust_3,clust_1,0.07455797852946082,0.0
274820,clust_5,clust_1,0.19091399229364822,0.0
399968,clust_3,clust_8,0.08311267113868402,0.0
108045,clust_8,clust_2,0.24671719217256513,0.0
257906,clust_1,clust_4,0.08219269458470532,0.0
209645,clust_0,clust_6,0.33948344019583104,1.0
349706,clust_0,clust_8,0.2478258458057616,0.0
164711,clust_3,clust_1,0.14484266634112036,0.0
166263,clust_4,clust_6,0.18129519743133587,0.0
359994,clust_3,clust_5,0.2556535489324776,0.0
171266,clust_3,clust_0,0.14464478299778588,0.0
151343,clust_2,clust_0,0.2553532753761122,0.0
240899,clust_1,clust_4,0.3671169659321734,1.0
255522,clust_1,clust_8,0.2180530725834235,0.0
152020,clust_1,clust_1,0.18109550112191067,0.0
297303,clust_1,clust_2,0.12747328098362623,0.0
412032,clust_3,clust_1,0.09431050793531809,0.0
167830,clust_0,clust_8,0.1308977726807007,0.0
330568,clust_6,clust_4,0.12901699189305818,0.0
305861,clust_1,clust_4,0.20662302795021434,0.0
161250,clust_0,clust_6,0.33415410254236677,1.0
437161,clust_2,clust_7,0.1503541627099948,0.0
383419,clust_7,clust_6,0.26999518133906975,0.0
193150,clust_8,clust_5,0.46181423186732445,1.0
151315,clust_3,clust_1,0.09224832685246895,0.0
162028,clust_0,clust_5,0.058399781176141585,0.0
108407,clust_0,clust_8,0.13700616185357797,0.0
372430,clust_8,clust_4,0.11175887478736611,0.0
257020,clust_2,clust_6,0.25421304377474896,0.0
138203,clust_3,clust_1,0.16577452583618502,0.0
146063,clust_6,clust_6,0.19943771080600095,0.0
155428,clust_6,clust_6,0.1523192148290158,0.0
376533,clust_1,clust_5,0.25911076031106595,0.0
250359,clust_1,clust_2,0.18207471438277067,0.0
376353,clust_3,clust_0,0.1560487615665019,0.0
420595,clust_1,clust_8,0.36357763886081385,1.0
284695,clust_4,clust_9,0.1630009767046983,0.0
228458,clust_6,clust_5,0.3445300145294507,1.0
271415,clust_3,clust_6,0.2561789695397416,0.0
102549,clust_1,clust_1,0.17821987520975424,0.0
152265,clust_1,clust_0,0.20077995799046716,0.0
298341,clust_3,clust_4,0.2053171208088933,0.0
369790,clust_5,clust_6,0.12467920519524486,0.0
371603,clust_1,clust_4,0.19309643720765865,0.0
169719,clust_3,clust_5,0.08364167977772086,0.0
417241,clust_1,clust_4,0.29562872676202634,1.0
344080,clust_6,clust_6,0.10801698918229526,0.0
412557,clust_1,clust_1,0.18087937276717,0.0
444573,clust_8,clust_8,0.2751750117060362,0.0
215628,clust_3,clust_4,0.3074228136298541,1.0
370964,clust_8,clust_2,0.12644806126187155,0.0
301531,clust_3,clust_1,0.14742659797910976,0.0
352097,clust_1,clust_4,0.09464651312991094,0.0
399092,clust_1,clust_1,0.403419131522586,1.0
393641,clust_7,clust_0,0.08149395544080824,0.0
381453,clust_0,clust_8,0.3521495256448376,1.0
386245,clust_4,clust_6,0.31990190472156593,1.0
343245,clust_3,clust_5,0.13401369437810676,0.0
417444,clust_6,clust_0,0.30452541908849295,1.0
330148,clust_0,clust_0,0.13224291289123621,0.0
288562,clust_1,clust_0,0.13057687748110716,0.0
389694,clust_1,clust_4,0.09304320671749028,0.0
350965,clust_8,clust_6,0.08337263072132022,0.0
370117,clust_3,clust_2,0.3994018766169825,1.0
235240,clust_2,clust_8,0.1629639208801292,0.0
152186,clust_1,clust_0,0.11699798234307648,0.0
214863,clust_1,clust_2,0.1105772649336888,0.0
295073,clust_6,clust_4,0.14538685557152678,0.0
263475,clust_1,clust_2,0.17410453083805671,0.0
124976,clust_3,clust_4,0.1177091512823943,0.0
242025,clust_1,clust_5,0.163898403437731,0.0
245452,clust_5,clust_1,0.47465479924672926,1.0
359666,clust_0,clust_1,0.30227684197781374,1.0
407947,clust_5,clust_9,0.09360942628919854,0.0
330004,clust_1,clust_0,0.3528829858557548,1.0
385871,clust_1,clust_1,0.19282247532613855,0.0
326953,clust_1,clust_8,0.31459946485520396,1.0
386458,clust_5,clust_5,0.1788647920308056,0.0
307962,clust_0,clust_1,0.11462479727213958,0.0
346135,clust_1,clust_8,0.1920658267048248,0.0
261691,clust_1,clust_2,0.1752743971225717,0.0
102346,clust_4,clust_0,0.11526617341163138,0.0
222665,clust_3,clust_8,0.06146260243508738,0.0
341192,clust_3,clust_8,0.28121386935962567,0.0
184936,clust_0,clust_0,0.055309795734746016,0.0
283619,clust_3,clust_0,0.18597239759199793,0.0
429873,clust_6,clust_1,0.16633239716985201,0.0
137149,clust_1,clust_8,0.3866821895081582,1.0
112817,clust_0,clust_3,0.14026891433459512,0.0
153582,clust_1,clust_0,0.2586952865225469,0.0
253160,clust_0,clust_4,0.15588213664941866,0.0
167578,clust_0,clust_0,0.18616250869917741,0.0
189357,clust_1,clust_8,0.2662746165603449,0.0
153501,clust_1,clust_4,0.1044459555942531,0.0
281137,clust_9,clust_8,0.1014934640574967,0.0
350841,clust_9,clust_6,0.1000190349532844,0.0
116480,clust_3,clust_8,0.16278796281779445,0.0
442361,clust_0,clust_8,0.08209543049043645,0.0
251248,clust_0,clust_9,0.6474820877765292,1.0
227542,clust_0,clust_1,0.3923093156272371,1.0
332882,clust_6,clust_2,0.14398186660804596,0.0
414251,clust_6,clust_2,0.22020703176547707,0.0
212080,clust_6,clust_0,0.16499316120377946,0.0
292549,clust_3,clust_4,0.09909234506611882,0.0
165465,clust_0,clust_4,0.17315759633474204,0.0
430368,clust_0,clust_6,0.15909134975088962,0.0
392992,clust_1,clust_3,0.5007029883012689,1.0
346884,clust_1,clust_8,0.11273112363609986,0.0
387378,clust_1,clust_6,0.16416960702664093,0.0
406863,clust_3,clust_0,0.10037468538679357,0.0
108486,clust_0,clust_5,0.07576511817615779,0.0
247897,clust_1,clust_4,0.10126259951898979,0.0
442123,clust_0,clust_2,0.3077272096141399,1.0
421383,clust_0,clust_8,0.10288699174306971,0.0
410223,clust_3,clust_3,0.16757666238092797,0.0
122065,clust_6,clust_1,0.20115948249929758,0.0
335863,clust_1,clust_8,0.29840116923739973,1.0
313052,clust_3,clust_3,0.15302384015046477,0.0
207744,clust_1,clust_4,0.3202809022341759,1.0
135409,clust_0,clust_6,0.4854823553760862,1.0
114067,clust_1,clust_3,0.17915884623974943,0.0
274870,clust_3,clust_4,0.16454147984260714,0.0
268039,clust_3,clust_6,0.14145623351483141,0.0
356336,clust_0,clust_8,0.08866086087330048,0.0
342686,clust_8,clust_2,0.5491987054395128,1.0
306030,clust_0,clust_5,0.3915034555220336,1.0
315194,clust_0,clust_8,0.17181942781353313,0.0
115038,clust_3,clust_8,0.0944608243674002,0.0
415543,clust_7,clust_4,0.08072002673257156,0.0
235166,clust_4,clust_4,0.19067246901801804,0.0
163352,clust_0,clust_0,0.18884988160113034,0.0
404461,clust_6,clust_1,0.39943803884326806,1.0
381189,clust_3,clust_8,0.12810296907723595,0.0
449637,clust_1,clust_2,0.18755556893671585,0.0
418692,clust_0,clust_4,0.21769731457357128,0.0
175313,clust_7,clust_2,0.48372284505189544,1.0
334986,clust_3,clust_1,0.10380824443391586,0.0
114641,clust_3,clust_3,0.08302392067451571,0.0
453727,clust_0,clust_6,0.10119609592233024,0.0
272937,clust_5,clust_8,0.44183242567765835,1.0
314719,clust_3,clust_6,0.08366819601812377,0.0
425440,clust_1,clust_4,0.25327087810319404,0.0
237458,clust_6,clust_5,0.08172858159992505,0.0
231523,clust_3,clust_3,0.13964147667918586,0.0
408775,clust_4,clust_4,0.3049430270393034,1.0
235454,clust_3,clust_4,0.22903255738586595,0.0
213984,clust_5,clust_1,0.10462089637400955,0.0
398110,clust_3,clust_4,0.09154978037524485,0.0
275201,clust_9,clust_6,0.2532649637827581,0.0
282465,clust_1,clust_8,0.5135727959180783,1.0
427050,clust_1,clust_4,0.22177249792580803,0.0
140982,clust_1,clust_4,0.1024378547811441,0.0
142180,clust_1,clust_0,0.23788836063912341,0.0
304968,clust_3,clust_5,0.20395905006101187,0.0
128423,clust_1,clust_0,0.23224403112583433,0.0
275048,clust_3,clust_0,0.2647141203997387,0.0
108510,clust_3,clust_5,0.10294206297028408,0.0
430177,clust_4,clust_8,0.27592710992768077,0.0
103173,clust_5,clust_2,0.242141841128191,0.0
183450,clust_6,clust_0,0.2782056638038012,0.0
148791,clust_1,clust_0,0.1642637900336895,0.0
148497,clust_3,clust_0,0.19222132639289088,0.0
260937,clust_1,clust_5,0.24962634550217705,0.0
211902,clust_5,clust_6,0.13169293541522073,0.0
401852,clust_3,clust_5,0.09651446544128416,0.0
410369,clust_1,clust_6,0.2692828954506931,0.0
231257,clust_0,clust_2,0.2294314621707144,0.0
102506,clust_1,clust_6,0.2762866656630025,0.0
105091,clust_1,clust_5,0.2664707446433866,0.0
169961,clust_3,clust_3,0.27727737634839433,0.0
125972,clust_1,clust_8,0.06296325301497115,0.0
225145,clust_2,clust_1,0.0895893075819438,0.0
200241,clust_1,clust_3,0.2585397924279492,0.0
257071,clust_1,clust_8,0.22651202952216484,0.0
300481,clust_1,clust_4,0.1568305036036573,0.0
213671,clust_9,clust_4,0.09637505646210796,0.0
194229,clust_8,clust_9,0.5400185551999567,1.0
105030,clust_3,clust_4,0.19586020570399384,0.0
390268,clust_9,clust_8,0.0785931869967286,0.0
355681,clust_1,clust_8,0.48979841074772523,1.0
218786,clust_7,clust_5,0.2383593964660463,0.0
380065,clust_3,clust_3,0.19406033615322138,0.0
186444,clust_1,clust_8,0.17660049276761705,0.0
259838,clust_1,clust_5,0.10173222960850022,0.0
150749,clust_6,clust_8,0.31971500992800306,1.0
322461,clust_3,clust_5,0.18054820373760508,0.0
420353,clust_5,clust_6,0.13232822564683602,0.0
410880,clust_6,clust_0,0.11050082804630579,0.0
389796,clust_9,clust_5,0.22058153978703904,0.0
388264,clust_1,clust_0,0.12963222540938224,0.0
212592,clust_6,clust_0,0.13454526243782655,0.0
448420,clust_9,clust_3,0.1950288384856816,0.0
198155,clust_5,clust_9,0.33947612620812184,1.0
168651,clust_1,clust_4,0.18470190703112083,0.0
110226,clust_4,clust_0,0.07239687497343676,0.0
429356,clust_3,clust_2,0.557920899799369,1.0
149490,clust_8,clust_0,0.22698003983374038,0.0
215559,clust_3,clust_4,0.22882534534865326,0.0
347912,clust_1,clust_1,0.07276401765731821,0.0
168915,clust_3,clust_8,0.21431696117041396,0.0
295504,clust_1,clust_1,0.0991087655767724,0.0
408006,clust_1,clust_8,0.12611967151117515,0.0
278812,clust_4,clust_0,0.13416459730131633,0.0
124095,clust_1,clust_3,0.06495356893836686,0.0
423125,clust_6,clust_5,0.0846541719581336,0.0
278838,clust_6,clust_6,0.27550735255124303,0.0
170563,clust_1,clust_5,0.11208556761764166,0.0
305653,clust_3,clust_2,0.2507185841718681,0.0
241052,clust_5,clust_8,0.17151394167542983,0.0
243978,clust_0,clust_0,0.17111772534778974,0.0
417426,clust_1,clust_4,0.1082473487875578,0.0
252322,clust_0,clust_4,0.11470777996277991,0.0
366858,clust_0,clust_2,0.23398916526497684,0.0
236911,clust_1,clust_2,0.20652836976435662,0.0
145834,clust_0,clust_4,0.2492683942642809,0.0
336361,clust_2,clust_0,0.2179083919217787,0.0
124887,clust_1,clust_6,0.30873002806788374,1.0
430927,clust_5,clust_6,0.09170624318389128,0.0
180913,clust_3,clust_6,0.12330370719316212,0.0
140402,clust_9,clust_6,0.0793612181404781,0.0
102441,clust_5,clust_0,0.31041244601474266,1.0
389104,clust_1,clust_0,0.19289130666406565,0.0
196274,clust_1,clust_5,0.27032439281394527,0.0
355184,clust_0,clust_5,0.10809678590141386,0.0
348878,clust_1,clust_8,0.15026924258437258,0.0
119236,clust_6,clust_5,0.2463266188892133,0.0
315499,clust_1,clust_4,0.11137777368090351,0.0
245133,clust_0,clust_6,0.17060998131774802,0.0
446742,clust_6,clust_8,0.1279218236707013,0.0
300188,clust_4,clust_6,0.17441333731430148,0.0
191379,clust_6,clust_1,0.12038440511453517,0.0
110014,clust_3,clust_3,0.10154424219930272,0.0
389644,clust_5,clust_6,0.37290059757879745,1.0
215142,clust_1,clust_2,0.3297290126586108,1.0
270131,clust_4,clust_4,0.188027679155749,0.0
246748,clust_0,clust_0,0.13190956672233461,0.0
380005,clust_9,clust_4,0.09081866457126386,0.0
250576,clust_6,clust_5,0.22612479473369088,0.0
279859,clust_3,clust_6,0.1745146753721508,0.0
386803,clust_3,clust_1,0.19518128446768448,0.0
298628,clust_7,clust_7,0.05947608744105865,0.0
109046,clust_1,clust_4,0.5807630437173479,1.0
370213,clust_3,clust_2,0.17262517167275415,0.0
192239,clust_8,clust_8,0.23960789169762717,0.0
427659,clust_4,clust_0,0.1736195094412984,0.0
277412,clust_1,clust_2,0.2667828767864667,0.0
439525,clust_9,clust_4,0.19117100700280254,0.0
296284,clust_1,clust_3,0.2075860041217949,0.0
431386,clust_6,clust_4,0.3752173872751152,1.0
363576,clust_1,clust_5,0.2730877523005599,0.0
138695,clust_0,clust_1,0.15835952835978714,0.0
279556,clust_4,clust_8,0.13997018424946384,0.0
436219,clust_1,clust_4,0.5022681986552386,1.0
149730,clust_0,clust_8,0.07376571052837212,0.0
342639,clust_7,clust_4,0.11618585316812818,0.0
302727,clust_3,clust_0,0.06318689119815804,0.0
261318,clust_3,clust_4,0.10470584781934474,0.0
117341,clust_3,clust_4,0.21579898858382626,0.0
113482,clust_0,clust_8,0.23369554430668824,0.0
258949,clust_3,clust_8,0.22513371008346167,0.0
259168,clust_0,clust_8,0.4111371854512726,1.0
150810,clust_3,clust_5,0.4871582689400159,1.0
357268,clust_1,clust_4,0.11822240205858917,0.0
324437,clust_4,clust_8,0.22125867371279911,0.0
126685,clust_4,clust_4,0.12286910289261914,0.0
115407,clust_4,clust_5,0.11477452102653189,0.0
322685,clust_3,clust_4,0.4853708548832809,1.0
319822,clust_4,clust_9,0.23589711368960553,0.0
427618,clust_9,clust_0,0.15242773247591349,0.0
128438,clust_3,clust_6,0.4955407984058815,1.0
266984,clust_1,clust_2,0.1773078718339072,0.0
272566,clust_2,clust_9,0.16733710637172636,0.0
289951,clust_1,clust_1,0.20918184231191714,0.0
287376,clust_0,clust_0,0.11810928464891068,0.0
383841,clust_9,clust_5,0.11237067134966232,0.0
135857,clust_1,clust_2,0.5905866350528182,1.0
366649,clust_3,clust_0,0.22406601295952755,0.0
195326,clust_4,clust_0,0.25358436729915046,0.0
170919,clust_0,clust_0,0.1381156873410838,0.0
263947,clust_9,clust_9,0.18830727898897226,0.0
249906,clust_3,clust_9,0.22417454976235782,0.0
292448,clust_1,clust_5,0.19541887414249076,0.0
103147,clust_4,clust_6,0.24804116089347228,0.0
170301,clust_0,clust_0,0.3075517432250333,1.0
389507,clust_3,clust_8,0.45781073702382286,1.0
176702,clust_6,clust_6,0.11452884297678298,0.0
307948,clust_1,clust_4,0.13428877554210972,0.0
242022,clust_1,clust_0,0.3309414874378112,1.0
118440,clust_8,clust_4,0.21753475188365237,0.0
428229,clust_0,clust_2,0.21707676546777604,0.0
259264,clust_5,clust_8,0.10767605979326017,0.0
366952,clust_6,clust_6,0.09974363801951547,0.0
367124,clust_4,clust_0,0.33069140318317475,1.0
249913,clust_3,clust_4,0.17795775840930253,0.0
169248,clust_1,clust_0,0.2875141194820006,0.0
114622,clust_3,clust_1,0.3390349233597709,1.0
253214,clust_3,clust_5,0.24723297563867516,0.0
316748,clust_3,clust_1,0.29661025593660206,1.0
183649,clust_1,clust_5,0.09201181346679041,0.0
107359,clust_1,clust_2,0.31763035270502604,1.0
354956,clust_0,clust_4,0.2099086022306724,0.0
211292,clust_1,clust_8,0.07080517119672937,0.0
188069,clust_0,clust_9,0.15182370137288242,0.0
278616,clust_3,clust_0,0.18277747050977003,0.0
235223,clust_0,clust_8,0.08409143507058493,0.0
217283,clust_1,clust_0,0.12232054452240487,0.0
412637,clust_3,clust_2,0.0961108264761343,0.0
265680,clust_3,clust_0,0.1993872330922588,0.0
328368,clust_0,clust_6,0.43176853409597477,1.0
252073,clust_1,clust_3,0.15738350827007674,0.0
167815,clust_4,clust_6,0.34424357617223533,1.0
362063,clust_3,clust_1,0.19890690557322385,0.0
374940,clust_9,clust_6,0.18646737038826375,0.0
373363,clust_1,clust_5,0.1589996791835485,0.0
435823,clust_4,clust_2,0.16823035770787562,0.0
338671,clust_3,clust_1,0.23462248672532832,0.0
395604,clust_0,clust_3,0.11309791503898213,0.0
130774,clust_2,clust_3,0.20156379810623684,0.0
389798,clust_2,clust_5,0.12225109569970692,0.0
251972,clust_3,clust_2,0.29748246058823286,1.0
455648,clust_0,clust_2,0.12339168361263089,0.0
229037,clust_7,clust_6,0.21963351802384157,0.0
356594,clust_8,clust_8,0.13013455162875256,0.0
115269,clust_3,clust_6,0.25642135689093304,0.0
413377,clust_3,clust_4,0.17047737077860237,0.0
238646,clust_3,clust_0,0.212420425097926,0.0
160914,clust_5,clust_0,0.29362121132765645,1.0
168422,clust_6,clust_5,0.15612324702164987,0.0
245121,clust_0,clust_6,0.20603930618264044,0.0
394385,clust_9,clust_8,0.2083329129861701,0.0
216857,clust_1,clust_6,0.1431056441625834,0.0
193545,clust_4,clust_5,0.18926217552526337,0.0
411855,clust_3,clust_5,0.16017047600522447,0.0
393992,clust_0,clust_0,0.08473469687326056,0.0
351259,clust_1,clust_8,0.27643719551298956,0.0
326078,clust_4,clust_6,0.207865515645847,0.0
111541,clust_1,clust_1,0.28401146829529894,0.0
281653,clust_5,clust_8,0.10279077721368021,0.0
404400,clust_7,clust_4,0.16864840613024482,0.0
351817,clust_9,clust_6,0.23305992302869818,0.0
380015,clust_0,clust_1,0.24054242291471734,0.0
220061,clust_1,clust_0,0.0815309241291964,0.0
441501,clust_3,clust_3,0.2882031390451909,0.0
359806,clust_0,clust_5,0.35575114304105193,1.0
251434,clust_8,clust_4,0.5839797051143709,1.0
434918,clust_4,clust_7,0.14468864439197113,0.0
440995,clust_4,clust_9,0.13750044431374248,0.0
298395,clust_1,clust_0,0.21005743007896735,0.0
428047,clust_1,clust_6,0.2548807237720459,0.0
108466,clust_7,clust_3,0.17017227169311072,0.0
221663,clust_3,clust_4,0.19698502319139183,0.0
455484,clust_1,clust_2,0.34224245042951873,1.0
363427,clust_3,clust_2,0.15215253947453458,0.0
198984,clust_8,clust_4,0.19988389846728422,0.0
409206,clust_3,clust_0,0.20232561019006307,0.0
326199,clust_0,clust_4,0.3229656443313196,1.0
293402,clust_1,clust_3,0.17923929496204027,0.0
351535,clust_6,clust_4,0.1562669559854651,0.0
221981,clust_6,clust_6,0.13027758645312068,0.0
276089,clust_4,clust_9,0.40577572227417263,1.0
268328,clust_0,clust_0,0.1002151112000342,0.0
250020,clust_1,clust_0,0.15032037983392818,0.0
215016,clust_3,clust_5,0.080667659363813,0.0
155174,clust_1,clust_2,0.07510740512198029,0.0
324731,clust_9,clust_8,0.3368977959121812,1.0
246585,clust_1,clust_0,0.48802710666280924,1.0
236352,clust_3,clust_8,0.22140673543612682,0.0
360171,clust_3,clust_4,0.35010708781318656,1.0
127985,clust_5,clust_4,0.18361260830717369,0.0
164314,clust_9,clust_0,0.28865736223621674,0.0
149362,clust_1,clust_1,0.2833136894624726,0.0
249677,clust_4,clust_4,0.31375216159092684,1.0
443583,clust_3,clust_8,0.08849163107275673,0.0
333187,clust_4,clust_5,0.10534469852004914,0.0
292149,clust_0,clust_4,0.30457982659242516,1.0
302673,clust_0,clust_6,0.30512917719263827,1.0
293809,clust_4,clust_6,0.16170279217436684,0.0
119990,clust_3,clust_2,0.18209144669431926,0.0
281875,clust_1,clust_9,0.11018266866007487,0.0
351252,clust_1,clust_4,0.35538046830959164,1.0
292337,clust_4,clust_6,0.1449963584467144,0.0
122862,clust_1,clust_5,0.30303709966333175,1.0
155116,clust_5,clust_1,0.39448006759045295,1.0
434504,clust_3,clust_0,0.18554704920967224,0.0
263489,clust_1,clust_2,0.36811361033748347,1.0
127308,clust_1,clust_6,0.21544090930651028,0.0
300310,clust_0,clust_0,0.22216997169556424,0.0
243559,clust_9,clust_0,0.301334318793564,1.0
300667,clust_8,clust_4,0.1975044432643497,0.0
328997,clust_1,clust_6,0.15644984265475867,0.0
100066,clust_1,clust_6,0.19574728586502302,0.0
292557,clust_4,clust_8,0.4414237611137491,1.0
396597,clust_3,clust_9,0.1214792382780196,0.0
433842,clust_4,clust_0,0.4415030908461223,1.0
225103,clust_1,clust_4,0.1241918438245458,0.0
177751,clust_9,clust_3,0.089465627534044,0.0
255974,clust_5,clust_0,0.1278084677895743,0.0
278645,clust_3,clust_4,0.16265626516081055,0.0
324841,clust_6,clust_4,0.26497269262165596,0.0
299941,clust_1,clust_8,0.5561684906145541,1.0
269204,clust_1,clust_1,0.42652437140368316,1.0
298070,clust_0,clust_6,0.2481980239146614,0.0
396331,clust_3,clust_2,0.24787864794612208,0.0
368207,clust_7,clust_8,0.2664678951380578,0.0
306311,clust_3,clust_2,0.16234351687132906,0.0
189490,clust_3,clust_1,0.27067368051462437,0.0
271786,clust_3,clust_5,0.13932632636573933,0.0
280706,clust_1,clust_2,0.2587649592422761,0.0
391285,clust_1,clust_0,0.21482605598212912,0.0
404304,clust_4,clust_0,0.13322726227978116,0.0
385110,clust_1,clust_6,0.32991884321089654,1.0
434283,clust_1,clust_0,0.08960977903304294,0.0
420886,clust_0,clust_8,0.10250131153064683,0.0
183725,clust_5,clust_4,0.20537137889920165,0.0
190272,clust_1,clust_0,0.14069192822932508,0.0
109505,clust_7,clust_0,0.09673636159387808,0.0
257473,clust_0,clust_3,0.12074316917530382,0.0
432626,clust_0,clust_0,0.2848729647587834,0.0
389732,clust_9,clust_6,0.12235535736438771,0.0
299393,clust_4,clust_6,0.14743578728689413,0.0
146533,clust_3,clust_2,0.12274914703452808,0.0
250531,clust_2,clust_0,0.08644165681240562,0.0
307166,clust_0,clust_2,0.1121886689046309,0.0
271106,clust_6,clust_1,0.20459693696442688,0.0
297017,clust_9,clust_8,0.14542928505244537,0.0
114064,clust_4,clust_7,0.3365931960536207,1.0
213447,clust_1,clust_4,0.07303509315650632,0.0
436735,clust_0,clust_4,0.18759166042051387,0.0
402079,clust_5,clust_5,0.279680295886569,0.0
344770,clust_9,clust_0,0.19381290731384504,0.0
441913,clust_1,clust_4,0.19041114394541248,0.0
356998,clust_1,clust_8,0.24984470554528107,0.0
209565,clust_3,clust_1,0.44347637177024807,1.0
405583,clust_1,clust_6,0.1310692948913799,0.0
254562,clust_1,clust_8,0.1699756793639982,0.0
428616,clust_5,clust_1,0.40822386196451294,1.0
154982,clust_4,clust_8,0.4006163495762022,1.0
284408,clust_8,clust_4,0.10557820396136743,0.0
370474,clust_3,clust_2,0.08559857177611048,0.0
135243,clust_0,clust_6,0.3319590234124691,1.0
381465,clust_8,clust_8,0.09673858441191452,0.0
390283,clust_3,clust_5,0.2751272757368054,0.0
230628,clust_1,clust_4,0.17192428743501423,0.0
320914,clust_8,clust_8,0.08352937387524927,0.0
253583,clust_6,clust_4,0.20993847565138765,0.0
212978,clust_4,clust_6,0.2779311173309887,0.0
134764,clust_1,clust_2,0.29189124409954187,1.0
392793,clust_1,clust_0,0.2115306728261281,0.0
318433,clust_3,clust_2,0.2511928399686995,0.0
440682,clust_4,clust_9,0.10906367174668476,0.0
323324,clust_6,clust_8,0.2840224638164531,0.0
301826,clust_5,clust_4,0.1679742172135536,0.0
282221,clust_7,clust_0,0.5557494247276816,1.0
362091,clust_1,clust_0,0.33591533760932196,1.0
252493,clust_3,clust_8,0.31671366472968826,1.0
366406,clust_0,clust_4,0.24553291399533214,0.0
210717,clust_1,clust_3,0.25605591574063474,0.0
178356,clust_3,clust_8,0.4293358807187659,1.0
438306,clust_1,clust_0,0.2055789946473778,0.0
303499,clust_0,clust_4,0.22413919701344823,0.0
117775,clust_6,clust_0,0.17022076655968504,0.0
419783,clust_3,clust_4,0.18280107974523074,0.0
419839,clust_1,clust_1,0.4088058700824331,1.0
233854,clust_3,clust_0,0.10628726315615654,0.0
407280,clust_1,clust_0,0.291792827601318,1.0
270522,clust_6,clust_6,0.21374603476494475,0.0
340535,clust_3,clust_8,0.25071565748287145,0.0
235061,clust_1,clust_5,0.17269018089964772,0.0
326516,clust_6,clust_6,0.12109787602864559,0.0
453366,clust_5,clust_5,0.1238509927230609,0.0
452871,clust_4,clust_6,0.15711495546129628,0.0
198617,clust_1,clust_0,0.09889876161027307,0.0
257294,clust_8,clust_5,0.13655218591374846,0.0
406697,clust_1,clust_2,0.18655515859827698,0.0
112932,clust_1,clust_8,0.2521679622555433,0.0
145382,clust_0,clust_4,0.4368376293459782,1.0
450290,clust_6,clust_4,0.09400000957098416,0.0
133091,clust_7,clust_7,0.1577967225890508,0.0
173713,clust_3,clust_4,0.16637493714641888,0.0
248148,clust_1,clust_0,0.18266281104041374,0.0
417987,clust_4,clust_8,0.14799657243923553,0.0
